Description,Price,Rating,ReviewCount,URL
"Volo 18"" / 450mm Bed Shocker for Smooth Soft Closing Bed Box Lift Mechanism, Weight Capacity 50kg- Pack of 2 Pcs",₹850,3.2 out of 5 stars,20,https://www.amazon.in//Bed-Shocker-Closing-Mechanism-Capacity/dp/B07Z3FG1SB/ref=sr_1_1?dchild=1&keywords=hydraulic+pump&qid=1605693121&sr=8-1
VANDEC Hand Pump Mini Hydraulic 1/2L Oil Tank,"₹4,625",5.0 out of 5 stars,1,https://www.amazon.in//VANDEC-Hand-Pump-Mini-Hydraulic/dp/B01LYUTHLK/ref=sr_1_2?dchild=1&keywords=hydraulic+pump&qid=1605693121&sr=8-2
JTB Hydraulic Aftermarket JCB 3DX Hydraulic Pump Kirloskar Engine,"₹19,373",,,https://www.amazon.in//JTB-Hydraulic-Aftermarket-Kirloskar-Engine/dp/B081YYWX3X/ref=sr_1_3?dchild=1&keywords=hydraulic+pump&qid=1605693121&sr=8-3
"KKmoon Copper 2.5MPa 0-40KG Water Pressure Tester Manual Hydraulic Test Pump Machine with G1/2"" Hose","₹6,799",5.0 out of 5 stars,1,https://www.amazon.in//KKmoon-Copper-Pressure-Hydraulic-Machine/dp/B07Z4HQ9JV/ref=sr_1_4?dchild=1&keywords=hydraulic+pump&qid=1605693121&sr=8-4
JTB Hydraulic Aftermarket L&T 770 Double Stage Hydraulic Pump + MRV,"₹22,104",,,https://www.amazon.in//JTB-Hydraulic-Aftermarket-Double-Stage/dp/B087QFRWNQ/ref=sr_1_5?dchild=1&keywords=hydraulic+pump&qid=1605693121&sr=8-5
JTB Hydraulic Aftermarket JCB 3DX 2011 Hydraulic Pump JCB Engine + MRV 333/Y1636,"₹21,523",,,https://www.amazon.in//JTB-Hydraulic-Aftermarket-Engine-Y1636/dp/B087NPP1N6/ref=sr_1_6?dchild=1&keywords=hydraulic+pump&qid=1605693121&sr=8-6
VOLTZ TY155HJS WRENCH 12V DC 3.0T (6600 lb) Electronic Hydraulic Car Jack and Tire Inflator Pump and LED Flashlight 3 in 1 Set with Impact Car Repair Tool Kit,"₹11,980",,,https://www.amazon.in//VOLTZ-TY155HJS-Electronic-Hydraulic-Flashlight/dp/B08K92PZM5/ref=sr_1_7?dchild=1&keywords=hydraulic+pump&qid=1605693121&sr=8-7
JTB Hydraulic Aftermarket JCB 3D Hydraulic Pump MRV 20/925279,"₹20,137",,,https://www.amazon.in//JTB-Hydraulic-Aftermarket-Pump-925279/dp/B087NV1QVN/ref=sr_1_8?dchild=1&keywords=hydraulic+pump&qid=1605693121&sr=8-8
JTB Hydraulic Aftermarket GEAR CHARGING PUMP JCB 3DX 20/925552,"₹4,095",,,https://www.amazon.in//JTB-Hydraulic-Aftermarket-CHARGING-925552/dp/B087RFSX3C/ref=sr_1_9?dchild=1&keywords=hydraulic+pump&qid=1605693121&sr=8-9
"JTB Hydraulic Aftermarket HYDRAULIC PUMP DRIVE SHAFT TATA HITACHI, JCB, DOOSAN, KAWASAKI 20 TONNE 1730639","₹1,748",,,https://www.amazon.in//JTB-Hydraulic-Aftermarket-HYDRAULIC-KAWASAKI/dp/B0881R8KX2/ref=sr_1_10?dchild=1&keywords=hydraulic+pump&qid=1605693121&sr=8-10
"Met Craft Steel 10 Inch Hydraulics Gas Spring Stay Strut Pneumatic Lift Support Cabinet Hinges for 25 KG Load (Silver, 25 KG) - Pack of 4 pcs",₹479,3.5 out of 5 stars,12,https://www.amazon.in//Met-Craft-Hydraulics-Pneumatic-Support/dp/B07S4H4RR9/ref=sr_1_11?dchild=1&keywords=hydraulic+pump&qid=1605693121&sr=8-11
"Inditradition 2-in-1 Soap Dispenser with Hydraulic Pump & Sponge Holder Caddy | 385ml, Sponge Included (Grey)",₹349,,,https://www.amazon.in//Inditradition-Dispenser-Hydraulic-Sponge-Included/dp/B08LNY8RGH/ref=sr_1_12?dchild=1&keywords=hydraulic+pump&qid=1605693121&sr=8-12
"Nixnine Hydraulics Gas Spring Stay Strut Pneumatic Lift,Support Cabinet Hinges Lifter, 12 Inch Pack of 1 Pieces- 2, Silver, N-300 (Capacity 30 Kg)",₹399,3.7 out of 5 stars,21,https://www.amazon.in//Nixnine-Hydraulics-Pneumatic-Support-Capacity/dp/B07YC3JXKB/ref=sr_1_13?dchild=1&keywords=hydraulic+pump&qid=1605693121&sr=8-13
"Smartivity Pump it Move it Hydraulic Crane STEM STEAM Educational DIY Building Construction Activity Toy Game Kit, Easy Instructions, Experiment, Play, Learn Science Engineering Project 8+",₹899,4.3 out of 5 stars,452,https://www.amazon.in//Smartivity-Hydraulic-Educational-Learning-Construction/dp/B01HVNB8IQ/ref=sr_1_14?dchild=1&keywords=hydraulic+pump&qid=1605693121&sr=8-14
"NexStar® Platinum Plus Steel Hydraulics Gas Spring Stay Strut Pneumatic Lift Support Cabinet Hinges (Silver, 50N/5Kg) - Pack of 2 pcs",₹265,4.2 out of 5 stars,20,https://www.amazon.in//NexStar%C2%AE-Platinum-Hydraulics-Pneumatic-Support/dp/B07YZL4PVT/ref=sr_1_15?dchild=1&keywords=hydraulic+pump&qid=1605693121&sr=8-15
Gas Hydrolic Pump 25KG Pack of 5 Set,"₹1,000",,,https://www.amazon.in//Gas-Hydrolic-Pump-25KG-Pack/dp/B07ZVY8Y6B/ref=sr_1_16?dchild=1&keywords=hydraulic+pump&qid=1605693121&sr=8-16
"Tooarts Aluminum 2.5MPa 25KG Water Pressure Tester Manual Hydraulic Test Pump Machine with G1/2"" Hose","₹7,429",,,https://www.amazon.in//Tooarts-Aluminum-Pressure-Hydraulic-Machine/dp/B08NCM5SSM/ref=sr_1_17?dchild=1&keywords=hydraulic+pump&qid=1605693121&sr=8-17
Shayonam 2-in-1 Soap Pump Plastic Dispenser for Dishwasher Liquid | Dispenser with Hydraulic Pump & Sponge Holder Caddy | Sponge Included (Random Colour ; Standard ; 385ml),₹296,5.0 out of 5 stars,2,https://www.amazon.in//Shayonam-Dispenser-Dishwasher-Hydraulic-Included/dp/B08MQM87L4/ref=sr_1_18?dchild=1&keywords=hydraulic+pump&qid=1605693121&sr=8-18
VOLTZ TY45HJ WRENCH 12V DC 5.0T (11000 lb) Electric Hydraulic Floor Jack and Tire Inflator Pump and LED Flashlight 3 in 1 Set with Impact Car Repair Tool Kit,"₹13,840",4.5 out of 5 stars,2,https://www.amazon.in//VOLTZ-Electric-Hydraulic-Inflator-Flashlight/dp/B07TH2BZZT/ref=sr_1_19?dchild=1&keywords=hydraulic+pump&qid=1605693121&sr=8-19
"GIOR FITTINGS Steel Hydraulics Gas Spring Stay Strut Pneumatic Lift Support Cabinet Hinges (Silver, 50 N) - Pack of 2 pcs",₹280,3.6 out of 5 stars,67,https://www.amazon.in//GIOR-FITTINGS-HYDRAULICS-PNEUMATIC-SUPPORT/dp/B0749KBLC2/ref=sr_1_20?dchild=1&keywords=hydraulic+pump&qid=1605693121&sr=8-20
NEWTRY CP-180 Manual Hydraulic Hand Pump Single Speed 853psi for Separate Type Hydraulic Tool,"₹27,880",5.0 out of 5 stars,1,https://www.amazon.in//NEWTRY-CP-180-Manual-Hydraulic-Separate/dp/B06XG4HBNT/ref=sr_1_21?dchild=1&keywords=hydraulic+pump&qid=1605693121&sr=8-21
"VOLO 250 N Hydraulics Gas Spring Stay STRUT Pneumatic Lift Support Cabinet Hinges Support, Capacity 25 KGS (Pack of 2 PCS),Material:Iron, Color:Silver",₹350,3.9 out of 5 stars,16,https://www.amazon.in//VOLO-Hydraulics-Pneumatic-Capacity-Material/dp/B0827ZVMGV/ref=sr_1_22?dchild=1&keywords=hydraulic+pump&qid=1605693121&sr=8-22
"BESTOOL Air Hydraulic Pump - 10,000 PSI Hydraulic Pressure 1/2 Gal Reservoir Foot Pump Air Treadle Foot Actuated Hydraulic Pump (Single Acting)","₹38,184",4.4 out of 5 stars,24,https://www.amazon.in//BESTOOL-Air-Hydraulic-Pump-Reservoir/dp/B07VPNHL72/ref=sr_1_23?dchild=1&keywords=hydraulic+pump&qid=1605693121&sr=8-23
VOLTZ tools 30T 2Inch Stroke Hydraulic Cylinder Jack Solid With Hand pump Single Acting Hydraulic Ram Cylinder 50mm Hydraulic Lifting Cylinders (30T 2Inch),"₹22,990",,,https://www.amazon.in//VOLTZ-Hydraulic-Cylinder-Lifting-Cylinders/dp/B08FJDN6LG/ref=sr_1_24?dchild=1&keywords=hydraulic+pump&qid=1605693121&sr=8-24
Hand Pump-DOWTY WP-200 BAR. Discharge 13 CC/Double Stroke,"₹6,950",,,https://www.amazon.in//Pump-DOWTY-WP-200-Discharge-Double-Stroke/dp/B074ZN1YM2/ref=sr_1_25?dchild=1&keywords=hydraulic+pump&qid=1605693121&sr=8-25
"Smartivity Pump it Move it Hydraulic Crane STEM STEAM Educational DIY Building Construction Activity & Bullseye Bow STEM STEAM Educational DIY Building Construction Activity Toy Game Kit, Easy",1707.00,4.3 out of 5 stars,452,https://www.amazon.in//Smartivity-Hydraulic-Educational-Building-Construction/dp/B08L4RV9FT/ref=sr_1_26?dchild=1&keywords=hydraulic+pump&qid=1605693121&sr=8-26
"RAB Gas Pumps, Gas Struts, Gas Shocks Lift Support for Cabinet (9"", Set of 1, Capacity: 35 Kg)",₹214,,,https://www.amazon.in//RAB-Struts-Support-Cabinet-Capacity/dp/B08KTHKJXG/ref=sr_1_27?dchild=1&keywords=hydraulic+pump&qid=1605693121&sr=8-27
Gas Hydrolic Pump 35 KG Pack of 5 Set,"₹1,000",,,https://www.amazon.in//Gas-Hydrolic-Pump-Pack-Set/dp/B07ZVYMPDB/ref=sr_1_28?dchild=1&keywords=hydraulic+pump&qid=1605693121&sr=8-28
JTB Hydraulic Aftermarket JCB LOADER SIDE AUXILLARY RELIEF VALVE 4500 PSI,"₹1,600",,,https://www.amazon.in//JTB-Hydraulic-Aftermarket-LOADER-AUXILLARY/dp/B087QL87K8/ref=sr_1_29?dchild=1&keywords=hydraulic+pump&qid=1605693121&sr=8-29
AutoStark Car Accessories Combo Air Compressor + 2 Ton Hydraulic Bottle + Puncture Repair Kit + Microfibre Cloth for Maruti Suzuki Swift Dzire,"₹1,990",3.4 out of 5 stars,12,https://www.amazon.in//AutoStark-Accessories-Compressor-Hydraulic-Microfibre/dp/B01LWCWDHE/ref=sr_1_30?dchild=1&keywords=hydraulic+pump&qid=1605693121&sr=8-30
VOLTZ Hydraulic Cylinder Jack 10T Ultra-thin Hydraulic Lifting Cylinder Ram Stroke 10mm for Bridges/Building/Machinery Industries with Hand Pump,"₹12,990",,,https://www.amazon.in//VOLTZ-Hydraulic-Ultra-thin-Machinery-Industries/dp/B08FGWCMCZ/ref=sr_1_31?dchild=1&keywords=hydraulic+pump&qid=1605693121&sr=8-31
ATCO Heavy Quality Gas Spring/Hydraulic Pump 12 inch (10),₹600,,,https://www.amazon.in//ATCO-Heavy-Quality-Spring-Hydraulic/dp/B08CRD377S/ref=sr_1_32?dchild=1&keywords=hydraulic+pump&qid=1605693121&sr=8-32
"VOLO 200 N Hydraulics Gas Spring Stay STRUT Pneumatic Lift Support Cabinet Hinges Support, Capacity 20 KGS (Pack of 2 PCS) Size 10 INCHES,Material:Iron, Color:Silver",₹330,3.3 out of 5 stars,45,https://www.amazon.in//Volo-Hydraulics-Pneumatic-Capacity-20/dp/B07N1434LJ/ref=sr_1_33?dchild=1&keywords=hydraulic+pump&qid=1605693121&sr=8-33
"JCB High Pressure Bucket Grease Pump with 8 kg Grease Bucket, 22026012","₹3,811",4.2 out of 5 stars,62,https://www.amazon.in//JCB-Pressure-Bucket-Grease-22026012/dp/B073SCKJ5M/ref=sr_1_34?dchild=1&keywords=hydraulic+pump&qid=1605693121&sr=8-34
Pneumatic Gas Pump Double Bed Lifter Fitting Hydraulic Jack Pro Lift Mechanism Tool Spring Shocker Frame with Pneumatic Pump – Set of 2 Frame (5 FT X 5MM) & 2 Hydraulic Gas Pump (200 KG),"₹3,499",4.0 out of 5 stars,1,https://www.amazon.in//Pneumatic-Fitting-Hydraulic-Mechanism-Shocker/dp/B08JSTKQ8S/ref=sr_1_35?dchild=1&keywords=hydraulic+pump&qid=1605693121&sr=8-35
XCLUMA 5V 10W DC MICRO HYDRO GENERATOR TAP WATER FLOW HYDRAULIC DIY HIGH POWER FLOW GENERATOR MOTOR,₹630,3.2 out of 5 stars,16,https://www.amazon.in//xcluma-Micro-Hydro-Generator-Hydraulic/dp/B074QVGC9Q/ref=sr_1_36?dchild=1&keywords=hydraulic+pump&qid=1605693121&sr=8-36
MANUAL/HAND HYDRAULIC TESTING PUMP 70 KG/CM2 (1000 PSI),"₹12,299",,,https://www.amazon.in//MANUAL-HAND-HYDRAULIC-TESTING-PUMP/dp/B07QH5C3QB/ref=sr_1_37?dchild=1&keywords=hydraulic+pump&qid=1605693121&sr=8-37
VANDEC Hydraulic Jack Long Ram Stroke 450 mm,"₹7,404",5.0 out of 5 stars,2,https://www.amazon.in//VANDEC-Hydraulic-Jack-Long-Stroke/dp/B01M1FLCHG/ref=sr_1_38?dchild=1&keywords=hydraulic+pump&qid=1605693121&sr=8-38
OZAR Bucket Grease Pump 6 KG with Steel Follower Plate,"₹2,979",4.5 out of 5 stars,7,https://www.amazon.in//OZAR-APG-7079-Bucket-Grease/dp/B07T1PXBNS/ref=sr_1_39?dchild=1&keywords=hydraulic+pump&qid=1605693121&sr=8-39
"VOLO 100 N Hydraulics Gas Spring Stay STRUT Pneumatic Lift Support Cabinet Hinges Support, Capacity 10 KGS (Pack of 2 PCS) Size 10 INCHES,Material:Iron, Color:Silver",₹299,4.0 out of 5 stars,38,https://www.amazon.in//Volo-Hydraulics-Pneumatic-Capacity-10/dp/B07N14FTTP/ref=sr_1_40?dchild=1&keywords=hydraulic+pump&qid=1605693121&sr=8-40
STARVIN® Super Premium Heavy Car Hydraulic Jack for All Cars (Universal) (Blue & Red) G-41,₹999,,,https://www.amazon.in//STARVIN%C2%AE-Super-Premium-Hydraulic-Universal/dp/B07255SQFL/ref=sr_1_41?dchild=1&keywords=hydraulic+pump&qid=1605693121&sr=8-41
VOLTZ tools Hydraulic Cylinder Jack 100T Ultra-thin Hydraulic Lifting Cylinder Ram Stroke 18mm for Bridges/Building/Machinery Industries with Hand Pump,"₹34,990",,,https://www.amazon.in//VOLTZ-Hydraulic-Ultra-thin-Machinery-Industries/dp/B08FJC67FG/ref=sr_1_42?dchild=1&keywords=hydraulic+pump&qid=1605693121&sr=8-42
Polyhydron Hand Pump Hydraulic Double Acting with DC Valve,"₹9,280",,,https://www.amazon.in//HYDRAULIC-DOUBLE-ACTING-VALVE-HP-12D/dp/B075NKLRHR/ref=sr_1_43?dchild=1&keywords=hydraulic+pump&qid=1605693121&sr=8-43
Smartivity Pump It Move It Hydraulic Crane Stem Steam Educational DIY Building Construction Activity Smartivity Stemformers Rover Bot Stem Steam Educational DIY Building Construction Activity ToyGame,1442.00,4.3 out of 5 stars,452,https://www.amazon.in//Smartivity-Hydraulic-Educational-Construction-Stemformers/dp/B08KVF54BP/ref=sr_1_44?dchild=1&keywords=hydraulic+pump&qid=1605693121&sr=8-44
JAINSON BHOOMI 400 WITH HAND PUMP Hand Operated Hydraulic Crimping Tool,"₹25,925",,,https://www.amazon.in//BHOOMI-400-HAND-PUMP-Hydraulic/dp/B08698LJKN/ref=sr_1_45?dchild=1&keywords=hydraulic+pump&qid=1605693121&sr=8-45
Pneumatic Gas Pump Double Bed Lifter Fitting Hydraulic Jack Pro Lift Mechanism Tool Spring Shocker Frame with Pneumatic Pump – Set of 2 Frame (5 FT X 5MM) & 2 Hydraulic Gas Pump (150 KG),"₹3,299",5.0 out of 5 stars,1,https://www.amazon.in//Pneumatic-Fitting-Hydraulic-Mechanism-Shocker/dp/B08JSVVTVJ/ref=sr_1_47?dchild=1&keywords=hydraulic+pump&qid=1605693121&sr=8-47
Bellveen Portable Double Barrel Floor Pump for Car Motorcycle Bike Tires Foot Air Pump Inflator with Pressure Gauge - Black Colour,"₹1,415",4.0 out of 5 stars,97,https://www.amazon.in//Bellveen-Portable-Motorcycle-Inflator-Pressure/dp/B07FNLZS84/ref=sr_1_48?dchild=1&keywords=hydraulic+pump&qid=1605693121&sr=8-48
"Volo 18"" / 450mm Bed Shocker for Smooth Soft Closing Bed Box Lift Mechanism, Weight Capacity 50kg- Pack of 2 Pcs",₹850,3.2 out of 5 stars,20,https://www.amazon.in//Bed-Shocker-Closing-Mechanism-Capacity/dp/B07Z3FG1SB/ref=sr_1_1?dchild=1&keywords=hydraulic+pump&qid=1605693151&sr=8-1
VANDEC Hand Pump Mini Hydraulic 1/2L Oil Tank,"₹4,625",5.0 out of 5 stars,1,https://www.amazon.in//VANDEC-Hand-Pump-Mini-Hydraulic/dp/B01LYUTHLK/ref=sr_1_2?dchild=1&keywords=hydraulic+pump&qid=1605693151&sr=8-2
JTB Hydraulic Aftermarket JCB 3DX Hydraulic Pump Kirloskar Engine,"₹19,373",,,https://www.amazon.in//JTB-Hydraulic-Aftermarket-Kirloskar-Engine/dp/B081YYWX3X/ref=sr_1_3?dchild=1&keywords=hydraulic+pump&qid=1605693151&sr=8-3
"KKmoon Copper 2.5MPa 0-40KG Water Pressure Tester Manual Hydraulic Test Pump Machine with G1/2"" Hose","₹6,799",5.0 out of 5 stars,1,https://www.amazon.in//KKmoon-Copper-Pressure-Hydraulic-Machine/dp/B07Z4HQ9JV/ref=sr_1_4?dchild=1&keywords=hydraulic+pump&qid=1605693151&sr=8-4
JTB Hydraulic Aftermarket L&T 770 Double Stage Hydraulic Pump + MRV,"₹22,104",,,https://www.amazon.in//JTB-Hydraulic-Aftermarket-Double-Stage/dp/B087QFRWNQ/ref=sr_1_5?dchild=1&keywords=hydraulic+pump&qid=1605693151&sr=8-5
VOLTZ TY155HJS WRENCH 12V DC 3.0T (6600 lb) Electronic Hydraulic Car Jack and Tire Inflator Pump and LED Flashlight 3 in 1 Set with Impact Car Repair Tool Kit,"₹11,980",,,https://www.amazon.in//VOLTZ-TY155HJS-Electronic-Hydraulic-Flashlight/dp/B08K92PZM5/ref=sr_1_6?dchild=1&keywords=hydraulic+pump&qid=1605693151&sr=8-6
JTB Hydraulic Aftermarket JCB 3DX 2011 Hydraulic Pump JCB Engine + MRV 333/Y1636,"₹21,523",,,https://www.amazon.in//JTB-Hydraulic-Aftermarket-Engine-Y1636/dp/B087NPP1N6/ref=sr_1_7?dchild=1&keywords=hydraulic+pump&qid=1605693151&sr=8-7
JTB Hydraulic Aftermarket JCB 3D Hydraulic Pump MRV 20/925279,"₹20,137",,,https://www.amazon.in//JTB-Hydraulic-Aftermarket-Pump-925279/dp/B087NV1QVN/ref=sr_1_8?dchild=1&keywords=hydraulic+pump&qid=1605693151&sr=8-8
JTB Hydraulic Aftermarket GEAR CHARGING PUMP JCB 3DX 20/925552,"₹4,095",,,https://www.amazon.in//JTB-Hydraulic-Aftermarket-CHARGING-925552/dp/B087RFSX3C/ref=sr_1_9?dchild=1&keywords=hydraulic+pump&qid=1605693151&sr=8-9
"Inditradition 2-in-1 Soap Dispenser with Hydraulic Pump & Sponge Holder Caddy | 385ml, Sponge Included (Grey)",₹349,,,https://www.amazon.in//Inditradition-Dispenser-Hydraulic-Sponge-Included/dp/B08LNY8RGH/ref=sr_1_10?dchild=1&keywords=hydraulic+pump&qid=1605693151&sr=8-10
"Met Craft Steel 10 Inch Hydraulics Gas Spring Stay Strut Pneumatic Lift Support Cabinet Hinges for 25 KG Load (Silver, 25 KG) - Pack of 4 pcs",₹479,3.5 out of 5 stars,12,https://www.amazon.in//Met-Craft-Hydraulics-Pneumatic-Support/dp/B07S4H4RR9/ref=sr_1_11?dchild=1&keywords=hydraulic+pump&qid=1605693151&sr=8-11
"NexStar® Platinum Plus Steel Hydraulics Gas Spring Stay Strut Pneumatic Lift Support Cabinet Hinges (Silver, 50N/5Kg) - Pack of 2 pcs",₹265,4.2 out of 5 stars,20,https://www.amazon.in//NexStar%C2%AE-Platinum-Hydraulics-Pneumatic-Support/dp/B07YZL4PVT/ref=sr_1_12?dchild=1&keywords=hydraulic+pump&qid=1605693151&sr=8-12
"Smartivity Pump it Move it Hydraulic Crane STEM STEAM Educational DIY Building Construction Activity Toy Game Kit, Easy Instructions, Experiment, Play, Learn Science Engineering Project 8+",₹899,4.3 out of 5 stars,452,https://www.amazon.in//Smartivity-Hydraulic-Educational-Learning-Construction/dp/B01HVNB8IQ/ref=sr_1_13?dchild=1&keywords=hydraulic+pump&qid=1605693151&sr=8-13
"Nixnine Hydraulics Gas Spring Stay Strut Pneumatic Lift,Support Cabinet Hinges Lifter, 12 Inch Pack of 1 Pieces- 2, Silver, N-300 (Capacity 30 Kg)",₹399,3.7 out of 5 stars,21,https://www.amazon.in//Nixnine-Hydraulics-Pneumatic-Support-Capacity/dp/B07YC3JXKB/ref=sr_1_14?dchild=1&keywords=hydraulic+pump&qid=1605693151&sr=8-14
Shayonam 2-in-1 Soap Pump Plastic Dispenser for Dishwasher Liquid | Dispenser with Hydraulic Pump & Sponge Holder Caddy | Sponge Included (Random Colour ; Standard ; 385ml),₹296,5.0 out of 5 stars,2,https://www.amazon.in//Shayonam-Dispenser-Dishwasher-Hydraulic-Included/dp/B08MQM87L4/ref=sr_1_15?dchild=1&keywords=hydraulic+pump&qid=1605693151&sr=8-15
Gas Hydrolic Pump 25KG Pack of 5 Set,"₹1,000",,,https://www.amazon.in//Gas-Hydrolic-Pump-25KG-Pack/dp/B07ZVY8Y6B/ref=sr_1_16?dchild=1&keywords=hydraulic+pump&qid=1605693151&sr=8-16
MANUAL/HAND HYDRAULIC TESTING PUMP 70 KG/CM2 (1000 PSI),"₹12,299",,,https://www.amazon.in//MANUAL-HAND-HYDRAULIC-TESTING-PUMP/dp/B07QH5C3QB/ref=sr_1_17?dchild=1&keywords=hydraulic+pump&qid=1605693151&sr=8-17
"VOLO 250 N Hydraulics Gas Spring Stay STRUT Pneumatic Lift Support Cabinet Hinges Support, Capacity 25 KGS (Pack of 2 PCS),Material:Iron, Color:Silver",₹350,3.9 out of 5 stars,16,https://www.amazon.in//VOLO-Hydraulics-Pneumatic-Capacity-Material/dp/B0827ZVMGV/ref=sr_1_18?dchild=1&keywords=hydraulic+pump&qid=1605693151&sr=8-18
"JTB Hydraulic Aftermarket HYDRAULIC PUMP DRIVE SHAFT TATA HITACHI, JCB, DOOSAN, KAWASAKI 20 TONNE 1730639","₹1,748",,,https://www.amazon.in//JTB-Hydraulic-Aftermarket-HYDRAULIC-KAWASAKI/dp/B0881R8KX2/ref=sr_1_19?dchild=1&keywords=hydraulic+pump&qid=1605693151&sr=8-19
"GIOR FITTINGS Steel Hydraulics Gas Spring Stay Strut Pneumatic Lift Support Cabinet Hinges (Silver, 50 N) - Pack of 2 pcs",₹280,3.6 out of 5 stars,67,https://www.amazon.in//GIOR-FITTINGS-HYDRAULICS-PNEUMATIC-SUPPORT/dp/B0749KBLC2/ref=sr_1_20?dchild=1&keywords=hydraulic+pump&qid=1605693151&sr=8-20
Coido 3326 Electric Tire Inflator Air Compressor Pump for Car Tyres (12V),"₹2,099",3.9 out of 5 stars,441,https://www.amazon.in//Coido-Electric-Inflator-Compressor-Tyres/dp/B00K7B3T5A/ref=sr_1_21?dchild=1&keywords=hydraulic+pump&qid=1605693151&sr=8-21
"RAB Gas Pumps, Gas Struts, Gas Shocks Lift Support for Cabinet (9"", Set of 1, Capacity: 35 Kg)",₹214,,,https://www.amazon.in//RAB-Struts-Support-Cabinet-Capacity/dp/B08KTHKJXG/ref=sr_1_22?dchild=1&keywords=hydraulic+pump&qid=1605693151&sr=8-22
NEWTRY CP-180 Manual Hydraulic Hand Pump Single Speed 853psi for Separate Type Hydraulic Tool,"₹27,880",5.0 out of 5 stars,1,https://www.amazon.in//NEWTRY-CP-180-Manual-Hydraulic-Separate/dp/B06XG4HBNT/ref=sr_1_23?dchild=1&keywords=hydraulic+pump&qid=1605693151&sr=8-23
VOLTZ tools 30T 2Inch Stroke Hydraulic Cylinder Jack Solid With Hand pump Single Acting Hydraulic Ram Cylinder 50mm Hydraulic Lifting Cylinders (30T 2Inch),"₹22,990",,,https://www.amazon.in//VOLTZ-Hydraulic-Cylinder-Lifting-Cylinders/dp/B08FJDN6LG/ref=sr_1_24?dchild=1&keywords=hydraulic+pump&qid=1605693151&sr=8-24
"BESTOOL Air Hydraulic Pump - 10,000 PSI Hydraulic Pressure 1/2 Gal Reservoir Foot Pump Air Treadle Foot Actuated Hydraulic Pump (Single Acting)","₹38,184",4.4 out of 5 stars,24,https://www.amazon.in//BESTOOL-Air-Hydraulic-Pump-Reservoir/dp/B07VPNHL72/ref=sr_1_25?dchild=1&keywords=hydraulic+pump&qid=1605693151&sr=8-25
ATCO Heavy Quality Gas Spring/Hydraulic Pump 12 inch (10),₹600,,,https://www.amazon.in//ATCO-Heavy-Quality-Spring-Hydraulic/dp/B08CRD377S/ref=sr_1_26?dchild=1&keywords=hydraulic+pump&qid=1605693151&sr=8-26
"Smartivity Pump it Move it Hydraulic Crane STEM STEAM Educational DIY Building Construction Activity & Bullseye Bow STEM STEAM Educational DIY Building Construction Activity Toy Game Kit, Easy",1707.00,4.3 out of 5 stars,452,https://www.amazon.in//Smartivity-Hydraulic-Educational-Building-Construction/dp/B08L4RV9FT/ref=sr_1_27?dchild=1&keywords=hydraulic+pump&qid=1605693151&sr=8-27
Hand Pump-DOWTY WP-200 BAR. Discharge 13 CC/Double Stroke,"₹6,950",,,https://www.amazon.in//Pump-DOWTY-WP-200-Discharge-Double-Stroke/dp/B074ZN1YM2/ref=sr_1_28?dchild=1&keywords=hydraulic+pump&qid=1605693151&sr=8-28
Gas Hydrolic Pump 35 KG Pack of 5 Set,"₹1,000",,,https://www.amazon.in//Gas-Hydrolic-Pump-Pack-Set/dp/B07ZVYMPDB/ref=sr_1_29?dchild=1&keywords=hydraulic+pump&qid=1605693151&sr=8-29
Pneumatic Gas Pump Double Bed Lifter Fitting Hydraulic Jack Pro Lift Mechanism Tool Spring Shocker Frame with Pneumatic Pump – Set of 2 Frame (5 FT X 5MM) & 2 Hydraulic Gas Pump (200 KG),"₹3,499",4.0 out of 5 stars,1,https://www.amazon.in//Pneumatic-Fitting-Hydraulic-Mechanism-Shocker/dp/B08JSTKQ8S/ref=sr_1_30?dchild=1&keywords=hydraulic+pump&qid=1605693151&sr=8-30
VOLTZ TY45HJ WRENCH 12V DC 5.0T (11000 lb) Electric Hydraulic Floor Jack and Tire Inflator Pump and LED Flashlight 3 in 1 Set with Impact Car Repair Tool Kit,"₹13,840",4.5 out of 5 stars,2,https://www.amazon.in//VOLTZ-Electric-Hydraulic-Inflator-Flashlight/dp/B07TH2BZZT/ref=sr_1_31?dchild=1&keywords=hydraulic+pump&qid=1605693151&sr=8-31
JTB Hydraulic Aftermarket JCB LOADER SIDE AUXILLARY RELIEF VALVE 4500 PSI,"₹1,600",,,https://www.amazon.in//JTB-Hydraulic-Aftermarket-LOADER-AUXILLARY/dp/B087QL87K8/ref=sr_1_32?dchild=1&keywords=hydraulic+pump&qid=1605693151&sr=8-32
"VOLO 200 N Hydraulics Gas Spring Stay STRUT Pneumatic Lift Support Cabinet Hinges Support, Capacity 20 KGS (Pack of 2 PCS) Size 10 INCHES,Material:Iron, Color:Silver",₹330,3.3 out of 5 stars,45,https://www.amazon.in//Volo-Hydraulics-Pneumatic-Capacity-20/dp/B07N1434LJ/ref=sr_1_33?dchild=1&keywords=hydraulic+pump&qid=1605693151&sr=8-33
VOLTZ Hydraulic Cylinder Jack 10T Ultra-thin Hydraulic Lifting Cylinder Ram Stroke 10mm for Bridges/Building/Machinery Industries with Hand Pump,"₹12,990",,,https://www.amazon.in//VOLTZ-Hydraulic-Ultra-thin-Machinery-Industries/dp/B08FGWCMCZ/ref=sr_1_34?dchild=1&keywords=hydraulic+pump&qid=1605693151&sr=8-34
UG LAND INDIA DC Pumping Motor Water Priming Pump Spray DC 12V Mini Water Pump High Flow,₹490,4.3 out of 5 stars,10,https://www.amazon.in//UG-LAND-INDIA-Pumping-Priming/dp/B07VF8ZC11/ref=sr_1_35?dchild=1&keywords=hydraulic+pump&qid=1605693151&sr=8-35
Polyhydron Hand Pump Hydraulic Double Acting with DC Valve,"₹9,280",,,https://www.amazon.in//HYDRAULIC-DOUBLE-ACTING-VALVE-HP-12D/dp/B075NKLRHR/ref=sr_1_36?dchild=1&keywords=hydraulic+pump&qid=1605693151&sr=8-36
"JCB High Pressure Bucket Grease Pump with 8 kg Grease Bucket, 22026012","₹3,811",4.2 out of 5 stars,62,https://www.amazon.in//JCB-Pressure-Bucket-Grease-22026012/dp/B073SCKJ5M/ref=sr_1_37?dchild=1&keywords=hydraulic+pump&qid=1605693151&sr=8-37
VANDEC Hydraulic Jack Long Ram Stroke 450 mm,"₹7,404",5.0 out of 5 stars,2,https://www.amazon.in//VANDEC-Hydraulic-Jack-Long-Stroke/dp/B01M1FLCHG/ref=sr_1_38?dchild=1&keywords=hydraulic+pump&qid=1605693151&sr=8-38
XCLUMA 5V 10W DC MICRO HYDRO GENERATOR TAP WATER FLOW HYDRAULIC DIY HIGH POWER FLOW GENERATOR MOTOR,₹630,3.2 out of 5 stars,16,https://www.amazon.in//xcluma-Micro-Hydro-Generator-Hydraulic/dp/B074QVGC9Q/ref=sr_1_39?dchild=1&keywords=hydraulic+pump&qid=1605693151&sr=8-39
Pneumatic Gas Pump Double Bed Lifter Fitting Hydraulic Jack Pro Lift Mechanism Tool Spring Shocker Frame with Pneumatic Pump – Set of 2 Frame (5 FT X 5MM) & 2 Hydraulic Gas Pump (150 KG),"₹3,299",5.0 out of 5 stars,1,https://www.amazon.in//Pneumatic-Fitting-Hydraulic-Mechanism-Shocker/dp/B08JSVVTVJ/ref=sr_1_40?dchild=1&keywords=hydraulic+pump&qid=1605693151&sr=8-40
AutoStark Car Accessories Combo Air Compressor + 2 Ton Hydraulic Bottle + Puncture Repair Kit + Microfibre Cloth for Maruti Suzuki Swift Dzire,"₹1,990",3.4 out of 5 stars,12,https://www.amazon.in//AutoStark-Accessories-Compressor-Hydraulic-Microfibre/dp/B01LWCWDHE/ref=sr_1_41?dchild=1&keywords=hydraulic+pump&qid=1605693151&sr=8-41
OZAR Bucket Grease Pump 6 KG with Steel Follower Plate,"₹2,979",4.5 out of 5 stars,7,https://www.amazon.in//OZAR-APG-7079-Bucket-Grease/dp/B07T1PXBNS/ref=sr_1_42?dchild=1&keywords=hydraulic+pump&qid=1605693151&sr=8-42
Smartivity Pump It Move It Hydraulic Crane Stem Steam Educational DIY Building Construction Activity Smartivity Stemformers Rover Bot Stem Steam Educational DIY Building Construction Activity ToyGame,1442.00,4.3 out of 5 stars,452,https://www.amazon.in//Smartivity-Hydraulic-Educational-Construction-Stemformers/dp/B08KVF54BP/ref=sr_1_43?dchild=1&keywords=hydraulic+pump&qid=1605693151&sr=8-43
VOLTZ tools Hydraulic Cylinder Jack 100T Ultra-thin Hydraulic Lifting Cylinder Ram Stroke 18mm for Bridges/Building/Machinery Industries with Hand Pump,"₹34,990",,,https://www.amazon.in//VOLTZ-Hydraulic-Ultra-thin-Machinery-Industries/dp/B08FJC67FG/ref=sr_1_44?dchild=1&keywords=hydraulic+pump&qid=1605693151&sr=8-44
"AliJa® Steel Hydraulics Gas Spring Stay Strut Pneumatic Lift Support Cabinet Hinges 10Kg Load Capacity (Silver, 100 N) - Pair of 2pcs",₹349,4.6 out of 5 stars,3,https://www.amazon.in//Hydraulics-Pneumatic-Support-Cabinet-Capacity/dp/9849790237/ref=sr_1_45?dchild=1&keywords=hydraulic+pump&qid=1605693151&sr=8-45
JAINSON BHOOMI 400 WITH HAND PUMP Hand Operated Hydraulic Crimping Tool,"₹25,925",,,https://www.amazon.in//BHOOMI-400-HAND-PUMP-Hydraulic/dp/B08698LJKN/ref=sr_1_46?dchild=1&keywords=hydraulic+pump&qid=1605693151&sr=8-46
"VOLO 100 N Hydraulics Gas Spring Stay STRUT Pneumatic Lift Support Cabinet Hinges Support, Capacity 10 KGS (Pack of 2 PCS) Size 10 INCHES,Material:Iron, Color:Silver",₹299,4.0 out of 5 stars,38,https://www.amazon.in//Volo-Hydraulics-Pneumatic-Capacity-10/dp/B07N14FTTP/ref=sr_1_48?dchild=1&keywords=hydraulic+pump&qid=1605693151&sr=8-48
"Volo 18"" / 450mm Bed Shocker for Smooth Soft Closing Bed Box Lift Mechanism, Weight Capacity 50kg- Pack of 2 Pcs",₹850,3.2 out of 5 stars,20,https://www.amazon.in//Bed-Shocker-Closing-Mechanism-Capacity/dp/B07Z3FG1SB/ref=sr_1_1?dchild=1&keywords=hydraulic+pump&qid=1605693159&sr=8-1
VANDEC Hand Pump Mini Hydraulic 1/2L Oil Tank,"₹4,625",5.0 out of 5 stars,1,https://www.amazon.in//VANDEC-Hand-Pump-Mini-Hydraulic/dp/B01LYUTHLK/ref=sr_1_2?dchild=1&keywords=hydraulic+pump&qid=1605693159&sr=8-2
JTB Hydraulic Aftermarket JCB 3DX Hydraulic Pump Kirloskar Engine,"₹19,373",,,https://www.amazon.in//JTB-Hydraulic-Aftermarket-Kirloskar-Engine/dp/B081YYWX3X/ref=sr_1_3?dchild=1&keywords=hydraulic+pump&qid=1605693159&sr=8-3
"KKmoon Copper 2.5MPa 0-40KG Water Pressure Tester Manual Hydraulic Test Pump Machine with G1/2"" Hose","₹6,799",5.0 out of 5 stars,1,https://www.amazon.in//KKmoon-Copper-Pressure-Hydraulic-Machine/dp/B07Z4HQ9JV/ref=sr_1_4?dchild=1&keywords=hydraulic+pump&qid=1605693159&sr=8-4
JTB Hydraulic Aftermarket L&T 770 Double Stage Hydraulic Pump + MRV,"₹22,104",,,https://www.amazon.in//JTB-Hydraulic-Aftermarket-Double-Stage/dp/B087QFRWNQ/ref=sr_1_5?dchild=1&keywords=hydraulic+pump&qid=1605693159&sr=8-5
VOLTZ TY155HJS WRENCH 12V DC 3.0T (6600 lb) Electronic Hydraulic Car Jack and Tire Inflator Pump and LED Flashlight 3 in 1 Set with Impact Car Repair Tool Kit,"₹11,980",,,https://www.amazon.in//VOLTZ-TY155HJS-Electronic-Hydraulic-Flashlight/dp/B08K92PZM5/ref=sr_1_6?dchild=1&keywords=hydraulic+pump&qid=1605693159&sr=8-6
JTB Hydraulic Aftermarket JCB 3DX 2011 Hydraulic Pump JCB Engine + MRV 333/Y1636,"₹21,523",,,https://www.amazon.in//JTB-Hydraulic-Aftermarket-Engine-Y1636/dp/B087NPP1N6/ref=sr_1_7?dchild=1&keywords=hydraulic+pump&qid=1605693159&sr=8-7
JTB Hydraulic Aftermarket JCB 3D Hydraulic Pump MRV 20/925279,"₹20,137",,,https://www.amazon.in//JTB-Hydraulic-Aftermarket-Pump-925279/dp/B087NV1QVN/ref=sr_1_8?dchild=1&keywords=hydraulic+pump&qid=1605693159&sr=8-8
JTB Hydraulic Aftermarket GEAR CHARGING PUMP JCB 3DX 20/925552,"₹4,095",,,https://www.amazon.in//JTB-Hydraulic-Aftermarket-CHARGING-925552/dp/B087RFSX3C/ref=sr_1_9?dchild=1&keywords=hydraulic+pump&qid=1605693159&sr=8-9
"Inditradition 2-in-1 Soap Dispenser with Hydraulic Pump & Sponge Holder Caddy | 385ml, Sponge Included (Grey)",₹349,,,https://www.amazon.in//Inditradition-Dispenser-Hydraulic-Sponge-Included/dp/B08LNY8RGH/ref=sr_1_10?dchild=1&keywords=hydraulic+pump&qid=1605693159&sr=8-10
"Met Craft Steel 10 Inch Hydraulics Gas Spring Stay Strut Pneumatic Lift Support Cabinet Hinges for 25 KG Load (Silver, 25 KG) - Pack of 4 pcs",₹479,3.5 out of 5 stars,12,https://www.amazon.in//Met-Craft-Hydraulics-Pneumatic-Support/dp/B07S4H4RR9/ref=sr_1_11?dchild=1&keywords=hydraulic+pump&qid=1605693159&sr=8-11
"NexStar® Platinum Plus Steel Hydraulics Gas Spring Stay Strut Pneumatic Lift Support Cabinet Hinges (Silver, 50N/5Kg) - Pack of 2 pcs",₹265,4.2 out of 5 stars,20,https://www.amazon.in//NexStar%C2%AE-Platinum-Hydraulics-Pneumatic-Support/dp/B07YZL4PVT/ref=sr_1_12?dchild=1&keywords=hydraulic+pump&qid=1605693159&sr=8-12
"Smartivity Pump it Move it Hydraulic Crane STEM STEAM Educational DIY Building Construction Activity Toy Game Kit, Easy Instructions, Experiment, Play, Learn Science Engineering Project 8+",₹899,4.3 out of 5 stars,452,https://www.amazon.in//Smartivity-Hydraulic-Educational-Learning-Construction/dp/B01HVNB8IQ/ref=sr_1_13?dchild=1&keywords=hydraulic+pump&qid=1605693159&sr=8-13
"Nixnine Hydraulics Gas Spring Stay Strut Pneumatic Lift,Support Cabinet Hinges Lifter, 12 Inch Pack of 1 Pieces- 2, Silver, N-300 (Capacity 30 Kg)",₹399,3.7 out of 5 stars,21,https://www.amazon.in//Nixnine-Hydraulics-Pneumatic-Support-Capacity/dp/B07YC3JXKB/ref=sr_1_14?dchild=1&keywords=hydraulic+pump&qid=1605693159&sr=8-14
Shayonam 2-in-1 Soap Pump Plastic Dispenser for Dishwasher Liquid | Dispenser with Hydraulic Pump & Sponge Holder Caddy | Sponge Included (Random Colour ; Standard ; 385ml),₹296,5.0 out of 5 stars,2,https://www.amazon.in//Shayonam-Dispenser-Dishwasher-Hydraulic-Included/dp/B08MQM87L4/ref=sr_1_15?dchild=1&keywords=hydraulic+pump&qid=1605693159&sr=8-15
Gas Hydrolic Pump 25KG Pack of 5 Set,"₹1,000",,,https://www.amazon.in//Gas-Hydrolic-Pump-25KG-Pack/dp/B07ZVY8Y6B/ref=sr_1_16?dchild=1&keywords=hydraulic+pump&qid=1605693159&sr=8-16
MANUAL/HAND HYDRAULIC TESTING PUMP 70 KG/CM2 (1000 PSI),"₹12,299",,,https://www.amazon.in//MANUAL-HAND-HYDRAULIC-TESTING-PUMP/dp/B07QH5C3QB/ref=sr_1_17?dchild=1&keywords=hydraulic+pump&qid=1605693159&sr=8-17
"VOLO 250 N Hydraulics Gas Spring Stay STRUT Pneumatic Lift Support Cabinet Hinges Support, Capacity 25 KGS (Pack of 2 PCS),Material:Iron, Color:Silver",₹350,3.9 out of 5 stars,16,https://www.amazon.in//VOLO-Hydraulics-Pneumatic-Capacity-Material/dp/B0827ZVMGV/ref=sr_1_18?dchild=1&keywords=hydraulic+pump&qid=1605693159&sr=8-18
"JTB Hydraulic Aftermarket HYDRAULIC PUMP DRIVE SHAFT TATA HITACHI, JCB, DOOSAN, KAWASAKI 20 TONNE 1730639","₹1,748",,,https://www.amazon.in//JTB-Hydraulic-Aftermarket-HYDRAULIC-KAWASAKI/dp/B0881R8KX2/ref=sr_1_19?dchild=1&keywords=hydraulic+pump&qid=1605693159&sr=8-19
"GIOR FITTINGS Steel Hydraulics Gas Spring Stay Strut Pneumatic Lift Support Cabinet Hinges (Silver, 50 N) - Pack of 2 pcs",₹280,3.6 out of 5 stars,67,https://www.amazon.in//GIOR-FITTINGS-HYDRAULICS-PNEUMATIC-SUPPORT/dp/B0749KBLC2/ref=sr_1_20?dchild=1&keywords=hydraulic+pump&qid=1605693159&sr=8-20
Coido 3326 Electric Tire Inflator Air Compressor Pump for Car Tyres (12V),"₹2,099",3.9 out of 5 stars,441,https://www.amazon.in//Coido-Electric-Inflator-Compressor-Tyres/dp/B00K7B3T5A/ref=sr_1_21?dchild=1&keywords=hydraulic+pump&qid=1605693159&sr=8-21
"RAB Gas Pumps, Gas Struts, Gas Shocks Lift Support for Cabinet (9"", Set of 1, Capacity: 35 Kg)",₹214,,,https://www.amazon.in//RAB-Struts-Support-Cabinet-Capacity/dp/B08KTHKJXG/ref=sr_1_22?dchild=1&keywords=hydraulic+pump&qid=1605693159&sr=8-22
NEWTRY CP-180 Manual Hydraulic Hand Pump Single Speed 853psi for Separate Type Hydraulic Tool,"₹27,880",5.0 out of 5 stars,1,https://www.amazon.in//NEWTRY-CP-180-Manual-Hydraulic-Separate/dp/B06XG4HBNT/ref=sr_1_23?dchild=1&keywords=hydraulic+pump&qid=1605693159&sr=8-23
VOLTZ tools 30T 2Inch Stroke Hydraulic Cylinder Jack Solid With Hand pump Single Acting Hydraulic Ram Cylinder 50mm Hydraulic Lifting Cylinders (30T 2Inch),"₹22,990",,,https://www.amazon.in//VOLTZ-Hydraulic-Cylinder-Lifting-Cylinders/dp/B08FJDN6LG/ref=sr_1_24?dchild=1&keywords=hydraulic+pump&qid=1605693159&sr=8-24
"BESTOOL Air Hydraulic Pump - 10,000 PSI Hydraulic Pressure 1/2 Gal Reservoir Foot Pump Air Treadle Foot Actuated Hydraulic Pump (Single Acting)","₹38,184",4.4 out of 5 stars,24,https://www.amazon.in//BESTOOL-Air-Hydraulic-Pump-Reservoir/dp/B07VPNHL72/ref=sr_1_25?dchild=1&keywords=hydraulic+pump&qid=1605693159&sr=8-25
ATCO Heavy Quality Gas Spring/Hydraulic Pump 12 inch (10),₹600,,,https://www.amazon.in//ATCO-Heavy-Quality-Spring-Hydraulic/dp/B08CRD377S/ref=sr_1_26?dchild=1&keywords=hydraulic+pump&qid=1605693159&sr=8-26
"Smartivity Pump it Move it Hydraulic Crane STEM STEAM Educational DIY Building Construction Activity & Bullseye Bow STEM STEAM Educational DIY Building Construction Activity Toy Game Kit, Easy",1707.00,4.3 out of 5 stars,452,https://www.amazon.in//Smartivity-Hydraulic-Educational-Building-Construction/dp/B08L4RV9FT/ref=sr_1_27?dchild=1&keywords=hydraulic+pump&qid=1605693159&sr=8-27
Hand Pump-DOWTY WP-200 BAR. Discharge 13 CC/Double Stroke,"₹6,950",,,https://www.amazon.in//Pump-DOWTY-WP-200-Discharge-Double-Stroke/dp/B074ZN1YM2/ref=sr_1_28?dchild=1&keywords=hydraulic+pump&qid=1605693159&sr=8-28
Gas Hydrolic Pump 35 KG Pack of 5 Set,"₹1,000",,,https://www.amazon.in//Gas-Hydrolic-Pump-Pack-Set/dp/B07ZVYMPDB/ref=sr_1_29?dchild=1&keywords=hydraulic+pump&qid=1605693159&sr=8-29
Pneumatic Gas Pump Double Bed Lifter Fitting Hydraulic Jack Pro Lift Mechanism Tool Spring Shocker Frame with Pneumatic Pump – Set of 2 Frame (5 FT X 5MM) & 2 Hydraulic Gas Pump (200 KG),"₹3,499",4.0 out of 5 stars,1,https://www.amazon.in//Pneumatic-Fitting-Hydraulic-Mechanism-Shocker/dp/B08JSTKQ8S/ref=sr_1_30?dchild=1&keywords=hydraulic+pump&qid=1605693159&sr=8-30
VOLTZ TY45HJ WRENCH 12V DC 5.0T (11000 lb) Electric Hydraulic Floor Jack and Tire Inflator Pump and LED Flashlight 3 in 1 Set with Impact Car Repair Tool Kit,"₹13,840",4.5 out of 5 stars,2,https://www.amazon.in//VOLTZ-Electric-Hydraulic-Inflator-Flashlight/dp/B07TH2BZZT/ref=sr_1_31?dchild=1&keywords=hydraulic+pump&qid=1605693159&sr=8-31
JTB Hydraulic Aftermarket JCB LOADER SIDE AUXILLARY RELIEF VALVE 4500 PSI,"₹1,600",,,https://www.amazon.in//JTB-Hydraulic-Aftermarket-LOADER-AUXILLARY/dp/B087QL87K8/ref=sr_1_32?dchild=1&keywords=hydraulic+pump&qid=1605693159&sr=8-32
"VOLO 200 N Hydraulics Gas Spring Stay STRUT Pneumatic Lift Support Cabinet Hinges Support, Capacity 20 KGS (Pack of 2 PCS) Size 10 INCHES,Material:Iron, Color:Silver",₹330,3.3 out of 5 stars,45,https://www.amazon.in//Volo-Hydraulics-Pneumatic-Capacity-20/dp/B07N1434LJ/ref=sr_1_33?dchild=1&keywords=hydraulic+pump&qid=1605693159&sr=8-33
VOLTZ Hydraulic Cylinder Jack 10T Ultra-thin Hydraulic Lifting Cylinder Ram Stroke 10mm for Bridges/Building/Machinery Industries with Hand Pump,"₹12,990",,,https://www.amazon.in//VOLTZ-Hydraulic-Ultra-thin-Machinery-Industries/dp/B08FGWCMCZ/ref=sr_1_34?dchild=1&keywords=hydraulic+pump&qid=1605693159&sr=8-34
UG LAND INDIA DC Pumping Motor Water Priming Pump Spray DC 12V Mini Water Pump High Flow,₹490,4.3 out of 5 stars,10,https://www.amazon.in//UG-LAND-INDIA-Pumping-Priming/dp/B07VF8ZC11/ref=sr_1_35?dchild=1&keywords=hydraulic+pump&qid=1605693159&sr=8-35
Polyhydron Hand Pump Hydraulic Double Acting with DC Valve,"₹9,280",,,https://www.amazon.in//HYDRAULIC-DOUBLE-ACTING-VALVE-HP-12D/dp/B075NKLRHR/ref=sr_1_36?dchild=1&keywords=hydraulic+pump&qid=1605693159&sr=8-36
"JCB High Pressure Bucket Grease Pump with 8 kg Grease Bucket, 22026012","₹3,811",4.2 out of 5 stars,62,https://www.amazon.in//JCB-Pressure-Bucket-Grease-22026012/dp/B073SCKJ5M/ref=sr_1_37?dchild=1&keywords=hydraulic+pump&qid=1605693159&sr=8-37
VANDEC Hydraulic Jack Long Ram Stroke 450 mm,"₹7,404",5.0 out of 5 stars,2,https://www.amazon.in//VANDEC-Hydraulic-Jack-Long-Stroke/dp/B01M1FLCHG/ref=sr_1_38?dchild=1&keywords=hydraulic+pump&qid=1605693159&sr=8-38
XCLUMA 5V 10W DC MICRO HYDRO GENERATOR TAP WATER FLOW HYDRAULIC DIY HIGH POWER FLOW GENERATOR MOTOR,₹630,3.2 out of 5 stars,16,https://www.amazon.in//xcluma-Micro-Hydro-Generator-Hydraulic/dp/B074QVGC9Q/ref=sr_1_39?dchild=1&keywords=hydraulic+pump&qid=1605693159&sr=8-39
Pneumatic Gas Pump Double Bed Lifter Fitting Hydraulic Jack Pro Lift Mechanism Tool Spring Shocker Frame with Pneumatic Pump – Set of 2 Frame (5 FT X 5MM) & 2 Hydraulic Gas Pump (150 KG),"₹3,299",5.0 out of 5 stars,1,https://www.amazon.in//Pneumatic-Fitting-Hydraulic-Mechanism-Shocker/dp/B08JSVVTVJ/ref=sr_1_40?dchild=1&keywords=hydraulic+pump&qid=1605693159&sr=8-40
AutoStark Car Accessories Combo Air Compressor + 2 Ton Hydraulic Bottle + Puncture Repair Kit + Microfibre Cloth for Maruti Suzuki Swift Dzire,"₹1,990",3.4 out of 5 stars,12,https://www.amazon.in//AutoStark-Accessories-Compressor-Hydraulic-Microfibre/dp/B01LWCWDHE/ref=sr_1_41?dchild=1&keywords=hydraulic+pump&qid=1605693159&sr=8-41
OZAR Bucket Grease Pump 6 KG with Steel Follower Plate,"₹2,979",4.5 out of 5 stars,7,https://www.amazon.in//OZAR-APG-7079-Bucket-Grease/dp/B07T1PXBNS/ref=sr_1_42?dchild=1&keywords=hydraulic+pump&qid=1605693159&sr=8-42
Smartivity Pump It Move It Hydraulic Crane Stem Steam Educational DIY Building Construction Activity Smartivity Stemformers Rover Bot Stem Steam Educational DIY Building Construction Activity ToyGame,1442.00,4.3 out of 5 stars,452,https://www.amazon.in//Smartivity-Hydraulic-Educational-Construction-Stemformers/dp/B08KVF54BP/ref=sr_1_43?dchild=1&keywords=hydraulic+pump&qid=1605693159&sr=8-43
VOLTZ tools Hydraulic Cylinder Jack 100T Ultra-thin Hydraulic Lifting Cylinder Ram Stroke 18mm for Bridges/Building/Machinery Industries with Hand Pump,"₹34,990",,,https://www.amazon.in//VOLTZ-Hydraulic-Ultra-thin-Machinery-Industries/dp/B08FJC67FG/ref=sr_1_44?dchild=1&keywords=hydraulic+pump&qid=1605693159&sr=8-44
"AliJa® Steel Hydraulics Gas Spring Stay Strut Pneumatic Lift Support Cabinet Hinges 10Kg Load Capacity (Silver, 100 N) - Pair of 2pcs",₹349,4.6 out of 5 stars,3,https://www.amazon.in//Hydraulics-Pneumatic-Support-Cabinet-Capacity/dp/9849790237/ref=sr_1_45?dchild=1&keywords=hydraulic+pump&qid=1605693159&sr=8-45
JAINSON BHOOMI 400 WITH HAND PUMP Hand Operated Hydraulic Crimping Tool,"₹25,925",,,https://www.amazon.in//BHOOMI-400-HAND-PUMP-Hydraulic/dp/B08698LJKN/ref=sr_1_46?dchild=1&keywords=hydraulic+pump&qid=1605693159&sr=8-46
"VOLO 100 N Hydraulics Gas Spring Stay STRUT Pneumatic Lift Support Cabinet Hinges Support, Capacity 10 KGS (Pack of 2 PCS) Size 10 INCHES,Material:Iron, Color:Silver",₹299,4.0 out of 5 stars,38,https://www.amazon.in//Volo-Hydraulics-Pneumatic-Capacity-10/dp/B07N14FTTP/ref=sr_1_48?dchild=1&keywords=hydraulic+pump&qid=1605693159&sr=8-48
"Volo 18"" / 450mm Bed Shocker for Smooth Soft Closing Bed Box Lift Mechanism, Weight Capacity 50kg- Pack of 2 Pcs",₹850,3.2 out of 5 stars,20,https://www.amazon.in//Bed-Shocker-Closing-Mechanism-Capacity/dp/B07Z3FG1SB/ref=sr_1_1?dchild=1&keywords=hydraulic+pump&qid=1605693166&sr=8-1
VANDEC Hand Pump Mini Hydraulic 1/2L Oil Tank,"₹4,625",5.0 out of 5 stars,1,https://www.amazon.in//VANDEC-Hand-Pump-Mini-Hydraulic/dp/B01LYUTHLK/ref=sr_1_2?dchild=1&keywords=hydraulic+pump&qid=1605693166&sr=8-2
JTB Hydraulic Aftermarket JCB 3DX Hydraulic Pump Kirloskar Engine,"₹19,373",,,https://www.amazon.in//JTB-Hydraulic-Aftermarket-Kirloskar-Engine/dp/B081YYWX3X/ref=sr_1_3?dchild=1&keywords=hydraulic+pump&qid=1605693166&sr=8-3
"KKmoon Copper 2.5MPa 0-40KG Water Pressure Tester Manual Hydraulic Test Pump Machine with G1/2"" Hose","₹6,799",5.0 out of 5 stars,1,https://www.amazon.in//KKmoon-Copper-Pressure-Hydraulic-Machine/dp/B07Z4HQ9JV/ref=sr_1_4?dchild=1&keywords=hydraulic+pump&qid=1605693166&sr=8-4
JTB Hydraulic Aftermarket L&T 770 Double Stage Hydraulic Pump + MRV,"₹22,104",,,https://www.amazon.in//JTB-Hydraulic-Aftermarket-Double-Stage/dp/B087QFRWNQ/ref=sr_1_5?dchild=1&keywords=hydraulic+pump&qid=1605693166&sr=8-5
VOLTZ TY155HJS WRENCH 12V DC 3.0T (6600 lb) Electronic Hydraulic Car Jack and Tire Inflator Pump and LED Flashlight 3 in 1 Set with Impact Car Repair Tool Kit,"₹11,980",,,https://www.amazon.in//VOLTZ-TY155HJS-Electronic-Hydraulic-Flashlight/dp/B08K92PZM5/ref=sr_1_6?dchild=1&keywords=hydraulic+pump&qid=1605693166&sr=8-6
JTB Hydraulic Aftermarket JCB 3DX 2011 Hydraulic Pump JCB Engine + MRV 333/Y1636,"₹21,523",,,https://www.amazon.in//JTB-Hydraulic-Aftermarket-Engine-Y1636/dp/B087NPP1N6/ref=sr_1_7?dchild=1&keywords=hydraulic+pump&qid=1605693166&sr=8-7
JTB Hydraulic Aftermarket JCB 3D Hydraulic Pump MRV 20/925279,"₹20,137",,,https://www.amazon.in//JTB-Hydraulic-Aftermarket-Pump-925279/dp/B087NV1QVN/ref=sr_1_8?dchild=1&keywords=hydraulic+pump&qid=1605693166&sr=8-8
JTB Hydraulic Aftermarket GEAR CHARGING PUMP JCB 3DX 20/925552,"₹4,095",,,https://www.amazon.in//JTB-Hydraulic-Aftermarket-CHARGING-925552/dp/B087RFSX3C/ref=sr_1_9?dchild=1&keywords=hydraulic+pump&qid=1605693166&sr=8-9
"Inditradition 2-in-1 Soap Dispenser with Hydraulic Pump & Sponge Holder Caddy | 385ml, Sponge Included (Grey)",₹349,,,https://www.amazon.in//Inditradition-Dispenser-Hydraulic-Sponge-Included/dp/B08LNY8RGH/ref=sr_1_10?dchild=1&keywords=hydraulic+pump&qid=1605693166&sr=8-10
"Met Craft Steel 10 Inch Hydraulics Gas Spring Stay Strut Pneumatic Lift Support Cabinet Hinges for 25 KG Load (Silver, 25 KG) - Pack of 4 pcs",₹479,3.5 out of 5 stars,12,https://www.amazon.in//Met-Craft-Hydraulics-Pneumatic-Support/dp/B07S4H4RR9/ref=sr_1_11?dchild=1&keywords=hydraulic+pump&qid=1605693166&sr=8-11
"NexStar® Platinum Plus Steel Hydraulics Gas Spring Stay Strut Pneumatic Lift Support Cabinet Hinges (Silver, 50N/5Kg) - Pack of 2 pcs",₹265,4.2 out of 5 stars,20,https://www.amazon.in//NexStar%C2%AE-Platinum-Hydraulics-Pneumatic-Support/dp/B07YZL4PVT/ref=sr_1_12?dchild=1&keywords=hydraulic+pump&qid=1605693166&sr=8-12
"Smartivity Pump it Move it Hydraulic Crane STEM STEAM Educational DIY Building Construction Activity Toy Game Kit, Easy Instructions, Experiment, Play, Learn Science Engineering Project 8+",₹899,4.3 out of 5 stars,452,https://www.amazon.in//Smartivity-Hydraulic-Educational-Learning-Construction/dp/B01HVNB8IQ/ref=sr_1_13?dchild=1&keywords=hydraulic+pump&qid=1605693166&sr=8-13
"Nixnine Hydraulics Gas Spring Stay Strut Pneumatic Lift,Support Cabinet Hinges Lifter, 12 Inch Pack of 1 Pieces- 2, Silver, N-300 (Capacity 30 Kg)",₹399,3.7 out of 5 stars,21,https://www.amazon.in//Nixnine-Hydraulics-Pneumatic-Support-Capacity/dp/B07YC3JXKB/ref=sr_1_14?dchild=1&keywords=hydraulic+pump&qid=1605693166&sr=8-14
Shayonam 2-in-1 Soap Pump Plastic Dispenser for Dishwasher Liquid | Dispenser with Hydraulic Pump & Sponge Holder Caddy | Sponge Included (Random Colour ; Standard ; 385ml),₹296,5.0 out of 5 stars,2,https://www.amazon.in//Shayonam-Dispenser-Dishwasher-Hydraulic-Included/dp/B08MQM87L4/ref=sr_1_15?dchild=1&keywords=hydraulic+pump&qid=1605693166&sr=8-15
VOLTZ TY45HJ WRENCH 12V DC 5.0T (11000 lb) Electric Hydraulic Floor Jack and Tire Inflator Pump and LED Flashlight 3 in 1 Set with Impact Car Repair Tool Kit,"₹13,840",4.5 out of 5 stars,2,https://www.amazon.in//VOLTZ-Electric-Hydraulic-Inflator-Flashlight/dp/B07TH2BZZT/ref=sr_1_16?dchild=1&keywords=hydraulic+pump&qid=1605693166&sr=8-16
Gas Hydrolic Pump 25KG Pack of 5 Set,"₹1,000",,,https://www.amazon.in//Gas-Hydrolic-Pump-25KG-Pack/dp/B07ZVY8Y6B/ref=sr_1_17?dchild=1&keywords=hydraulic+pump&qid=1605693166&sr=8-17
"VOLO 250 N Hydraulics Gas Spring Stay STRUT Pneumatic Lift Support Cabinet Hinges Support, Capacity 25 KGS (Pack of 2 PCS),Material:Iron, Color:Silver",₹350,3.9 out of 5 stars,16,https://www.amazon.in//VOLO-Hydraulics-Pneumatic-Capacity-Material/dp/B0827ZVMGV/ref=sr_1_18?dchild=1&keywords=hydraulic+pump&qid=1605693166&sr=8-18
"JTB Hydraulic Aftermarket HYDRAULIC PUMP DRIVE SHAFT TATA HITACHI, JCB, DOOSAN, KAWASAKI 20 TONNE 1730639","₹1,748",,,https://www.amazon.in//JTB-Hydraulic-Aftermarket-HYDRAULIC-KAWASAKI/dp/B0881R8KX2/ref=sr_1_19?dchild=1&keywords=hydraulic+pump&qid=1605693166&sr=8-19
MANUAL/HAND HYDRAULIC TESTING PUMP 70 KG/CM2 (1000 PSI),"₹12,299",,,https://www.amazon.in//MANUAL-HAND-HYDRAULIC-TESTING-PUMP/dp/B07QH5C3QB/ref=sr_1_20?dchild=1&keywords=hydraulic+pump&qid=1605693166&sr=8-20
"GIOR FITTINGS Steel Hydraulics Gas Spring Stay Strut Pneumatic Lift Support Cabinet Hinges (Silver, 50 N) - Pack of 2 pcs",₹280,3.6 out of 5 stars,67,https://www.amazon.in//GIOR-FITTINGS-HYDRAULICS-PNEUMATIC-SUPPORT/dp/B0749KBLC2/ref=sr_1_21?dchild=1&keywords=hydraulic+pump&qid=1605693166&sr=8-21
"RAB Gas Pumps, Gas Struts, Gas Shocks Lift Support for Cabinet (9"", Set of 1, Capacity: 35 Kg)",₹214,,,https://www.amazon.in//RAB-Struts-Support-Cabinet-Capacity/dp/B08KTHKJXG/ref=sr_1_22?dchild=1&keywords=hydraulic+pump&qid=1605693166&sr=8-22
NEWTRY CP-180 Manual Hydraulic Hand Pump Single Speed 853psi for Separate Type Hydraulic Tool,"₹27,880",5.0 out of 5 stars,1,https://www.amazon.in//NEWTRY-CP-180-Manual-Hydraulic-Separate/dp/B06XG4HBNT/ref=sr_1_23?dchild=1&keywords=hydraulic+pump&qid=1605693166&sr=8-23
AutoStark Car Accessories Combo Air Compressor + 2 Ton Hydraulic Bottle + Puncture Repair Kit + Microfibre Cloth for Maruti Suzuki Swift Dzire,"₹1,990",3.4 out of 5 stars,12,https://www.amazon.in//AutoStark-Accessories-Compressor-Hydraulic-Microfibre/dp/B01LWCWDHE/ref=sr_1_24?dchild=1&keywords=hydraulic+pump&qid=1605693166&sr=8-24
"BESTOOL Air Hydraulic Pump - 10,000 PSI Hydraulic Pressure 1/2 Gal Reservoir Foot Pump Air Treadle Foot Actuated Hydraulic Pump (Single Acting)","₹38,184",4.4 out of 5 stars,24,https://www.amazon.in//BESTOOL-Air-Hydraulic-Pump-Reservoir/dp/B07VPNHL72/ref=sr_1_25?dchild=1&keywords=hydraulic+pump&qid=1605693166&sr=8-25
VOLTZ tools 30T 2Inch Stroke Hydraulic Cylinder Jack Solid With Hand pump Single Acting Hydraulic Ram Cylinder 50mm Hydraulic Lifting Cylinders (30T 2Inch),"₹22,990",,,https://www.amazon.in//VOLTZ-Hydraulic-Cylinder-Lifting-Cylinders/dp/B08FJDN6LG/ref=sr_1_26?dchild=1&keywords=hydraulic+pump&qid=1605693166&sr=8-26
ATCO Heavy Quality Gas Spring/Hydraulic Pump 12 inch (10),₹600,,,https://www.amazon.in//ATCO-Heavy-Quality-Spring-Hydraulic/dp/B08CRD377S/ref=sr_1_27?dchild=1&keywords=hydraulic+pump&qid=1605693166&sr=8-27
Hand Pump-DOWTY WP-200 BAR. Discharge 13 CC/Double Stroke,"₹6,950",,,https://www.amazon.in//Pump-DOWTY-WP-200-Discharge-Double-Stroke/dp/B074ZN1YM2/ref=sr_1_28?dchild=1&keywords=hydraulic+pump&qid=1605693166&sr=8-28
"Smartivity Pump it Move it Hydraulic Crane STEM STEAM Educational DIY Building Construction Activity & Bullseye Bow STEM STEAM Educational DIY Building Construction Activity Toy Game Kit, Easy",1707.00,4.3 out of 5 stars,452,https://www.amazon.in//Smartivity-Hydraulic-Educational-Building-Construction/dp/B08L4RV9FT/ref=sr_1_29?dchild=1&keywords=hydraulic+pump&qid=1605693166&sr=8-29
Gas Hydrolic Pump 35 KG Pack of 5 Set,"₹1,000",,,https://www.amazon.in//Gas-Hydrolic-Pump-Pack-Set/dp/B07ZVYMPDB/ref=sr_1_30?dchild=1&keywords=hydraulic+pump&qid=1605693166&sr=8-30
JTB Hydraulic Aftermarket JCB LOADER SIDE AUXILLARY RELIEF VALVE 4500 PSI,"₹1,600",,,https://www.amazon.in//JTB-Hydraulic-Aftermarket-LOADER-AUXILLARY/dp/B087QL87K8/ref=sr_1_31?dchild=1&keywords=hydraulic+pump&qid=1605693166&sr=8-31
Pneumatic Gas Pump Double Bed Lifter Fitting Hydraulic Jack Pro Lift Mechanism Tool Spring Shocker Frame with Pneumatic Pump – Set of 2 Frame (5 FT X 5MM) & 2 Hydraulic Gas Pump (200 KG),"₹3,499",4.0 out of 5 stars,1,https://www.amazon.in//Pneumatic-Fitting-Hydraulic-Mechanism-Shocker/dp/B08JSTKQ8S/ref=sr_1_32?dchild=1&keywords=hydraulic+pump&qid=1605693166&sr=8-32
VOLTZ Hydraulic Cylinder Jack 10T Ultra-thin Hydraulic Lifting Cylinder Ram Stroke 10mm for Bridges/Building/Machinery Industries with Hand Pump,"₹12,990",,,https://www.amazon.in//VOLTZ-Hydraulic-Ultra-thin-Machinery-Industries/dp/B08FGWCMCZ/ref=sr_1_33?dchild=1&keywords=hydraulic+pump&qid=1605693166&sr=8-33
STARVIN® Super Premium Heavy Car Hydraulic Jack for All Cars (Universal) (Blue & Red) G-41,₹999,,,https://www.amazon.in//STARVIN%C2%AE-Super-Premium-Hydraulic-Universal/dp/B07255SQFL/ref=sr_1_34?dchild=1&keywords=hydraulic+pump&qid=1605693166&sr=8-34
"VOLO 200 N Hydraulics Gas Spring Stay STRUT Pneumatic Lift Support Cabinet Hinges Support, Capacity 20 KGS (Pack of 2 PCS) Size 10 INCHES,Material:Iron, Color:Silver",₹330,3.3 out of 5 stars,45,https://www.amazon.in//Volo-Hydraulics-Pneumatic-Capacity-20/dp/B07N1434LJ/ref=sr_1_35?dchild=1&keywords=hydraulic+pump&qid=1605693166&sr=8-35
"JCB High Pressure Bucket Grease Pump with 8 kg Grease Bucket, 22026012","₹3,811",4.2 out of 5 stars,62,https://www.amazon.in//JCB-Pressure-Bucket-Grease-22026012/dp/B073SCKJ5M/ref=sr_1_36?dchild=1&keywords=hydraulic+pump&qid=1605693166&sr=8-36
Polyhydron Hand Pump Hydraulic Double Acting with DC Valve,"₹9,280",,,https://www.amazon.in//HYDRAULIC-DOUBLE-ACTING-VALVE-HP-12D/dp/B075NKLRHR/ref=sr_1_37?dchild=1&keywords=hydraulic+pump&qid=1605693166&sr=8-37
XCLUMA 5V 10W DC MICRO HYDRO GENERATOR TAP WATER FLOW HYDRAULIC DIY HIGH POWER FLOW GENERATOR MOTOR,₹630,3.2 out of 5 stars,16,https://www.amazon.in//xcluma-Micro-Hydro-Generator-Hydraulic/dp/B074QVGC9Q/ref=sr_1_38?dchild=1&keywords=hydraulic+pump&qid=1605693166&sr=8-38
VANDEC Hydraulic Jack Long Ram Stroke 450 mm,"₹7,404",5.0 out of 5 stars,2,https://www.amazon.in//VANDEC-Hydraulic-Jack-Long-Stroke/dp/B01M1FLCHG/ref=sr_1_39?dchild=1&keywords=hydraulic+pump&qid=1605693166&sr=8-39
Pneumatic Gas Pump Double Bed Lifter Fitting Hydraulic Jack Pro Lift Mechanism Tool Spring Shocker Frame with Pneumatic Pump – Set of 2 Frame (5 FT X 5MM) & 2 Hydraulic Gas Pump (150 KG),"₹3,299",5.0 out of 5 stars,1,https://www.amazon.in//Pneumatic-Fitting-Hydraulic-Mechanism-Shocker/dp/B08JSVVTVJ/ref=sr_1_40?dchild=1&keywords=hydraulic+pump&qid=1605693166&sr=8-40
OZAR Bucket Grease Pump 6 KG with Steel Follower Plate,"₹2,979",4.5 out of 5 stars,7,https://www.amazon.in//OZAR-APG-7079-Bucket-Grease/dp/B07T1PXBNS/ref=sr_1_41?dchild=1&keywords=hydraulic+pump&qid=1605693166&sr=8-41
UG LAND INDIA DC Pumping Motor Water Priming Pump Spray DC 12V Mini Water Pump High Flow,₹490,4.3 out of 5 stars,10,https://www.amazon.in//UG-LAND-INDIA-Pumping-Priming/dp/B07VF8ZC11/ref=sr_1_42?dchild=1&keywords=hydraulic+pump&qid=1605693166&sr=8-42
VOLTZ tools Hydraulic Cylinder Jack 100T Ultra-thin Hydraulic Lifting Cylinder Ram Stroke 18mm for Bridges/Building/Machinery Industries with Hand Pump,"₹34,990",,,https://www.amazon.in//VOLTZ-Hydraulic-Ultra-thin-Machinery-Industries/dp/B08FJC67FG/ref=sr_1_43?dchild=1&keywords=hydraulic+pump&qid=1605693166&sr=8-43
Bellveen Portable Double Barrel Floor Pump for Car Motorcycle Bike Tires Foot Air Pump Inflator with Pressure Gauge - Black Colour,"₹1,415",4.0 out of 5 stars,97,https://www.amazon.in//Bellveen-Portable-Motorcycle-Inflator-Pressure/dp/B07FNLZS84/ref=sr_1_44?dchild=1&keywords=hydraulic+pump&qid=1605693166&sr=8-44
JAINSON BHOOMI 400 WITH HAND PUMP Hand Operated Hydraulic Crimping Tool,"₹25,925",,,https://www.amazon.in//BHOOMI-400-HAND-PUMP-Hydraulic/dp/B08698LJKN/ref=sr_1_45?dchild=1&keywords=hydraulic+pump&qid=1605693166&sr=8-45
"AliJa® Steel Hydraulics Gas Spring Stay Strut Pneumatic Lift Support Cabinet Hinges 10Kg Load Capacity (Silver, 100 N) - Pair of 2pcs",₹349,4.6 out of 5 stars,3,https://www.amazon.in//Hydraulics-Pneumatic-Support-Cabinet-Capacity/dp/9849790237/ref=sr_1_47?dchild=1&keywords=hydraulic+pump&qid=1605693166&sr=8-47
Smartivity Pump It Move It Hydraulic Crane Stem Steam Educational DIY Building Construction Activity Smartivity Stemformers Rover Bot Stem Steam Educational DIY Building Construction Activity ToyGame,1442.00,4.3 out of 5 stars,452,https://www.amazon.in//Smartivity-Hydraulic-Educational-Construction-Stemformers/dp/B08KVF54BP/ref=sr_1_48?dchild=1&keywords=hydraulic+pump&qid=1605693166&sr=8-48
"Volo 18"" / 450mm Bed Shocker for Smooth Soft Closing Bed Box Lift Mechanism, Weight Capacity 50kg- Pack of 2 Pcs",₹850,3.2 out of 5 stars,20,https://www.amazon.in//Bed-Shocker-Closing-Mechanism-Capacity/dp/B07Z3FG1SB/ref=sr_1_1?dchild=1&keywords=hydraulic+pump&qid=1605693174&sr=8-1
VANDEC Hand Pump Mini Hydraulic 1/2L Oil Tank,"₹4,625",5.0 out of 5 stars,1,https://www.amazon.in//VANDEC-Hand-Pump-Mini-Hydraulic/dp/B01LYUTHLK/ref=sr_1_2?dchild=1&keywords=hydraulic+pump&qid=1605693174&sr=8-2
"KKmoon Copper 2.5MPa 0-40KG Water Pressure Tester Manual Hydraulic Test Pump Machine with G1/2"" Hose","₹6,799",5.0 out of 5 stars,1,https://www.amazon.in//KKmoon-Copper-Pressure-Hydraulic-Machine/dp/B07Z4HQ9JV/ref=sr_1_3?dchild=1&keywords=hydraulic+pump&qid=1605693174&sr=8-3
JTB Hydraulic Aftermarket JCB 3DX Hydraulic Pump Kirloskar Engine,"₹19,373",,,https://www.amazon.in//JTB-Hydraulic-Aftermarket-Kirloskar-Engine/dp/B081YYWX3X/ref=sr_1_4?dchild=1&keywords=hydraulic+pump&qid=1605693174&sr=8-4
JTB Hydraulic Aftermarket L&T 770 Double Stage Hydraulic Pump + MRV,"₹22,104",,,https://www.amazon.in//JTB-Hydraulic-Aftermarket-Double-Stage/dp/B087QFRWNQ/ref=sr_1_5?dchild=1&keywords=hydraulic+pump&qid=1605693174&sr=8-5
VOLTZ TY155HJS WRENCH 12V DC 3.0T (6600 lb) Electronic Hydraulic Car Jack and Tire Inflator Pump and LED Flashlight 3 in 1 Set with Impact Car Repair Tool Kit,"₹11,980",,,https://www.amazon.in//VOLTZ-TY155HJS-Electronic-Hydraulic-Flashlight/dp/B08K92PZM5/ref=sr_1_6?dchild=1&keywords=hydraulic+pump&qid=1605693174&sr=8-6
JTB Hydraulic Aftermarket JCB 3DX 2011 Hydraulic Pump JCB Engine + MRV 333/Y1636,"₹21,523",,,https://www.amazon.in//JTB-Hydraulic-Aftermarket-Engine-Y1636/dp/B087NPP1N6/ref=sr_1_7?dchild=1&keywords=hydraulic+pump&qid=1605693174&sr=8-7
JTB Hydraulic Aftermarket JCB 3D Hydraulic Pump MRV 20/925279,"₹20,137",,,https://www.amazon.in//JTB-Hydraulic-Aftermarket-Pump-925279/dp/B087NV1QVN/ref=sr_1_8?dchild=1&keywords=hydraulic+pump&qid=1605693174&sr=8-8
JTB Hydraulic Aftermarket GEAR CHARGING PUMP JCB 3DX 20/925552,"₹4,095",,,https://www.amazon.in//JTB-Hydraulic-Aftermarket-CHARGING-925552/dp/B087RFSX3C/ref=sr_1_9?dchild=1&keywords=hydraulic+pump&qid=1605693174&sr=8-9
"Met Craft Steel 10 Inch Hydraulics Gas Spring Stay Strut Pneumatic Lift Support Cabinet Hinges for 25 KG Load (Silver, 25 KG) - Pack of 4 pcs",₹479,3.5 out of 5 stars,12,https://www.amazon.in//Met-Craft-Hydraulics-Pneumatic-Support/dp/B07S4H4RR9/ref=sr_1_10?dchild=1&keywords=hydraulic+pump&qid=1605693174&sr=8-10
"Inditradition 2-in-1 Soap Dispenser with Hydraulic Pump & Sponge Holder Caddy | 385ml, Sponge Included (Grey)",₹349,,,https://www.amazon.in//Inditradition-Dispenser-Hydraulic-Sponge-Included/dp/B08LNY8RGH/ref=sr_1_11?dchild=1&keywords=hydraulic+pump&qid=1605693174&sr=8-11
"Nixnine Hydraulics Gas Spring Stay Strut Pneumatic Lift,Support Cabinet Hinges Lifter, 12 Inch Pack of 1 Pieces- 2, Silver, N-300 (Capacity 30 Kg)",₹399,3.7 out of 5 stars,21,https://www.amazon.in//Nixnine-Hydraulics-Pneumatic-Support-Capacity/dp/B07YC3JXKB/ref=sr_1_12?dchild=1&keywords=hydraulic+pump&qid=1605693174&sr=8-12
"Smartivity Pump it Move it Hydraulic Crane STEM STEAM Educational DIY Building Construction Activity Toy Game Kit, Easy Instructions, Experiment, Play, Learn Science Engineering Project 8+",₹899,4.3 out of 5 stars,452,https://www.amazon.in//Smartivity-Hydraulic-Educational-Learning-Construction/dp/B01HVNB8IQ/ref=sr_1_13?dchild=1&keywords=hydraulic+pump&qid=1605693174&sr=8-13
"NexStar® Platinum Plus Steel Hydraulics Gas Spring Stay Strut Pneumatic Lift Support Cabinet Hinges (Silver, 50N/5Kg) - Pack of 2 pcs",₹265,4.2 out of 5 stars,20,https://www.amazon.in//NexStar%C2%AE-Platinum-Hydraulics-Pneumatic-Support/dp/B07YZL4PVT/ref=sr_1_14?dchild=1&keywords=hydraulic+pump&qid=1605693174&sr=8-14
Gas Hydrolic Pump 25KG Pack of 5 Set,"₹1,000",,,https://www.amazon.in//Gas-Hydrolic-Pump-25KG-Pack/dp/B07ZVY8Y6B/ref=sr_1_15?dchild=1&keywords=hydraulic+pump&qid=1605693174&sr=8-15
VOLTZ TY45HJ WRENCH 12V DC 5.0T (11000 lb) Electric Hydraulic Floor Jack and Tire Inflator Pump and LED Flashlight 3 in 1 Set with Impact Car Repair Tool Kit,"₹13,840",4.5 out of 5 stars,2,https://www.amazon.in//VOLTZ-Electric-Hydraulic-Inflator-Flashlight/dp/B07TH2BZZT/ref=sr_1_16?dchild=1&keywords=hydraulic+pump&qid=1605693174&sr=8-16
"Tooarts Aluminum 2.5MPa 25KG Water Pressure Tester Manual Hydraulic Test Pump Machine with G1/2"" Hose","₹7,429",,,https://www.amazon.in//Tooarts-Aluminum-Pressure-Hydraulic-Machine/dp/B08NCM5SSM/ref=sr_1_17?dchild=1&keywords=hydraulic+pump&qid=1605693174&sr=8-17
"JTB Hydraulic Aftermarket HYDRAULIC PUMP DRIVE SHAFT TATA HITACHI, JCB, DOOSAN, KAWASAKI 20 TONNE 1730639","₹1,748",,,https://www.amazon.in//JTB-Hydraulic-Aftermarket-HYDRAULIC-KAWASAKI/dp/B0881R8KX2/ref=sr_1_18?dchild=1&keywords=hydraulic+pump&qid=1605693174&sr=8-18
"GIOR FITTINGS Steel Hydraulics Gas Spring Stay Strut Pneumatic Lift Support Cabinet Hinges (Silver, 50 N) - Pack of 2 pcs",₹280,3.6 out of 5 stars,67,https://www.amazon.in//GIOR-FITTINGS-HYDRAULICS-PNEUMATIC-SUPPORT/dp/B0749KBLC2/ref=sr_1_19?dchild=1&keywords=hydraulic+pump&qid=1605693174&sr=8-19
Shayonam 2-in-1 Soap Pump Plastic Dispenser for Dishwasher Liquid | Dispenser with Hydraulic Pump & Sponge Holder Caddy | Sponge Included (Random Colour ; Standard ; 385ml),₹296,5.0 out of 5 stars,2,https://www.amazon.in//Shayonam-Dispenser-Dishwasher-Hydraulic-Included/dp/B08MQM87L4/ref=sr_1_20?dchild=1&keywords=hydraulic+pump&qid=1605693174&sr=8-20
NEWTRY CP-180 Manual Hydraulic Hand Pump Single Speed 853psi for Separate Type Hydraulic Tool,"₹27,880",5.0 out of 5 stars,1,https://www.amazon.in//NEWTRY-CP-180-Manual-Hydraulic-Separate/dp/B06XG4HBNT/ref=sr_1_21?dchild=1&keywords=hydraulic+pump&qid=1605693174&sr=8-21
"BESTOOL Air Hydraulic Pump - 10,000 PSI Hydraulic Pressure 1/2 Gal Reservoir Foot Pump Air Treadle Foot Actuated Hydraulic Pump (Single Acting)","₹38,184",4.4 out of 5 stars,24,https://www.amazon.in//BESTOOL-Air-Hydraulic-Pump-Reservoir/dp/B07VPNHL72/ref=sr_1_22?dchild=1&keywords=hydraulic+pump&qid=1605693174&sr=8-22
VOLTZ tools 30T 2Inch Stroke Hydraulic Cylinder Jack Solid With Hand pump Single Acting Hydraulic Ram Cylinder 50mm Hydraulic Lifting Cylinders (30T 2Inch),"₹22,990",,,https://www.amazon.in//VOLTZ-Hydraulic-Cylinder-Lifting-Cylinders/dp/B08FJDN6LG/ref=sr_1_23?dchild=1&keywords=hydraulic+pump&qid=1605693174&sr=8-23
"VOLO 250 N Hydraulics Gas Spring Stay STRUT Pneumatic Lift Support Cabinet Hinges Support, Capacity 25 KGS (Pack of 2 PCS),Material:Iron, Color:Silver",₹350,3.9 out of 5 stars,16,https://www.amazon.in//VOLO-Hydraulics-Pneumatic-Capacity-Material/dp/B0827ZVMGV/ref=sr_1_24?dchild=1&keywords=hydraulic+pump&qid=1605693174&sr=8-24
Hand Pump-DOWTY WP-200 BAR. Discharge 13 CC/Double Stroke,"₹6,950",,,https://www.amazon.in//Pump-DOWTY-WP-200-Discharge-Double-Stroke/dp/B074ZN1YM2/ref=sr_1_25?dchild=1&keywords=hydraulic+pump&qid=1605693174&sr=8-25
"Smartivity Pump it Move it Hydraulic Crane STEM STEAM Educational DIY Building Construction Activity & Bullseye Bow STEM STEAM Educational DIY Building Construction Activity Toy Game Kit, Easy",1707.00,4.3 out of 5 stars,452,https://www.amazon.in//Smartivity-Hydraulic-Educational-Building-Construction/dp/B08L4RV9FT/ref=sr_1_26?dchild=1&keywords=hydraulic+pump&qid=1605693174&sr=8-26
AutoStark Car Accessories Combo Air Compressor + 2 Ton Hydraulic Bottle + Puncture Repair Kit + Microfibre Cloth for Maruti Suzuki Swift Dzire,"₹1,990",3.4 out of 5 stars,12,https://www.amazon.in//AutoStark-Accessories-Compressor-Hydraulic-Microfibre/dp/B01LWCWDHE/ref=sr_1_27?dchild=1&keywords=hydraulic+pump&qid=1605693174&sr=8-27
VANDEC Hydraulic Jack Long Ram Stroke 450 mm,"₹7,404",5.0 out of 5 stars,2,https://www.amazon.in//VANDEC-Hydraulic-Jack-Long-Stroke/dp/B01M1FLCHG/ref=sr_1_28?dchild=1&keywords=hydraulic+pump&qid=1605693174&sr=8-28
JTB Hydraulic Aftermarket JCB LOADER SIDE AUXILLARY RELIEF VALVE 4500 PSI,"₹1,600",,,https://www.amazon.in//JTB-Hydraulic-Aftermarket-LOADER-AUXILLARY/dp/B087QL87K8/ref=sr_1_29?dchild=1&keywords=hydraulic+pump&qid=1605693174&sr=8-29
"RAB Gas Pumps, Gas Struts, Gas Shocks Lift Support for Cabinet (9"", Set of 1, Capacity: 35 Kg)",₹214,,,https://www.amazon.in//RAB-Struts-Support-Cabinet-Capacity/dp/B08KTHKJXG/ref=sr_1_30?dchild=1&keywords=hydraulic+pump&qid=1605693174&sr=8-30
VOLTZ Hydraulic Cylinder Jack 10T Ultra-thin Hydraulic Lifting Cylinder Ram Stroke 10mm for Bridges/Building/Machinery Industries with Hand Pump,"₹12,990",,,https://www.amazon.in//VOLTZ-Hydraulic-Ultra-thin-Machinery-Industries/dp/B08FGWCMCZ/ref=sr_1_31?dchild=1&keywords=hydraulic+pump&qid=1605693174&sr=8-31
"VOLO 200 N Hydraulics Gas Spring Stay STRUT Pneumatic Lift Support Cabinet Hinges Support, Capacity 20 KGS (Pack of 2 PCS) Size 10 INCHES,Material:Iron, Color:Silver",₹330,3.3 out of 5 stars,45,https://www.amazon.in//Volo-Hydraulics-Pneumatic-Capacity-20/dp/B07N1434LJ/ref=sr_1_32?dchild=1&keywords=hydraulic+pump&qid=1605693174&sr=8-32
ATCO Heavy Quality Gas Spring/Hydraulic Pump 12 inch (10),₹600,,,https://www.amazon.in//ATCO-Heavy-Quality-Spring-Hydraulic/dp/B08CRD377S/ref=sr_1_33?dchild=1&keywords=hydraulic+pump&qid=1605693174&sr=8-33
"JCB High Pressure Bucket Grease Pump with 8 kg Grease Bucket, 22026012","₹3,811",4.2 out of 5 stars,62,https://www.amazon.in//JCB-Pressure-Bucket-Grease-22026012/dp/B073SCKJ5M/ref=sr_1_34?dchild=1&keywords=hydraulic+pump&qid=1605693174&sr=8-34
Gas Hydrolic Pump 35 KG Pack of 5 Set,"₹1,000",,,https://www.amazon.in//Gas-Hydrolic-Pump-Pack-Set/dp/B07ZVYMPDB/ref=sr_1_35?dchild=1&keywords=hydraulic+pump&qid=1605693174&sr=8-35
XCLUMA 5V 10W DC MICRO HYDRO GENERATOR TAP WATER FLOW HYDRAULIC DIY HIGH POWER FLOW GENERATOR MOTOR,₹630,3.2 out of 5 stars,16,https://www.amazon.in//xcluma-Micro-Hydro-Generator-Hydraulic/dp/B074QVGC9Q/ref=sr_1_36?dchild=1&keywords=hydraulic+pump&qid=1605693174&sr=8-36
STARVIN® Super Premium Heavy Car Hydraulic Jack for All Cars (Universal) (Blue & Red) G-41,₹999,,,https://www.amazon.in//STARVIN%C2%AE-Super-Premium-Hydraulic-Universal/dp/B07255SQFL/ref=sr_1_37?dchild=1&keywords=hydraulic+pump&qid=1605693174&sr=8-37
Pneumatic Gas Pump Double Bed Lifter Fitting Hydraulic Jack Pro Lift Mechanism Tool Spring Shocker Frame with Pneumatic Pump – Set of 2 Frame (5 FT X 5MM) & 2 Hydraulic Gas Pump (200 KG),"₹3,499",4.0 out of 5 stars,1,https://www.amazon.in//Pneumatic-Fitting-Hydraulic-Mechanism-Shocker/dp/B08JSTKQ8S/ref=sr_1_38?dchild=1&keywords=hydraulic+pump&qid=1605693174&sr=8-38
OZAR Bucket Grease Pump 6 KG with Steel Follower Plate,"₹2,979",4.5 out of 5 stars,7,https://www.amazon.in//OZAR-APG-7079-Bucket-Grease/dp/B07T1PXBNS/ref=sr_1_39?dchild=1&keywords=hydraulic+pump&qid=1605693174&sr=8-39
MANUAL/HAND HYDRAULIC TESTING PUMP 70 KG/CM2 (1000 PSI),"₹12,299",,,https://www.amazon.in//MANUAL-HAND-HYDRAULIC-TESTING-PUMP/dp/B07QH5C3QB/ref=sr_1_40?dchild=1&keywords=hydraulic+pump&qid=1605693174&sr=8-40
VOLTZ tools Hydraulic Cylinder Jack 100T Ultra-thin Hydraulic Lifting Cylinder Ram Stroke 18mm for Bridges/Building/Machinery Industries with Hand Pump,"₹34,990",,,https://www.amazon.in//VOLTZ-Hydraulic-Ultra-thin-Machinery-Industries/dp/B08FJC67FG/ref=sr_1_41?dchild=1&keywords=hydraulic+pump&qid=1605693174&sr=8-41
"VOLO 100 N Hydraulics Gas Spring Stay STRUT Pneumatic Lift Support Cabinet Hinges Support, Capacity 10 KGS (Pack of 2 PCS) Size 10 INCHES,Material:Iron, Color:Silver",₹299,4.0 out of 5 stars,38,https://www.amazon.in//Volo-Hydraulics-Pneumatic-Capacity-10/dp/B07N14FTTP/ref=sr_1_42?dchild=1&keywords=hydraulic+pump&qid=1605693174&sr=8-42
JAINSON BHOOMI 400 WITH HAND PUMP Hand Operated Hydraulic Crimping Tool,"₹25,925",,,https://www.amazon.in//BHOOMI-400-HAND-PUMP-Hydraulic/dp/B08698LJKN/ref=sr_1_43?dchild=1&keywords=hydraulic+pump&qid=1605693174&sr=8-43
Polyhydron Hand Pump Hydraulic Double Acting with DC Valve,"₹9,280",,,https://www.amazon.in//HYDRAULIC-DOUBLE-ACTING-VALVE-HP-12D/dp/B075NKLRHR/ref=sr_1_45?dchild=1&keywords=hydraulic+pump&qid=1605693174&sr=8-45
"VOLO 50 N Hydraulics Gas Spring Stay STRUT Pneumatic Lift Support Cabinet Hinges Support, Capacity 5 KGS, Size 10 INCHES (Pack of 2 PCS),Material:Iron, Color:Silver",₹276,3.7 out of 5 stars,21,https://www.amazon.in//Volo-Hydraulics-Spring-Pneumatic-Capacity/dp/B07N15C1NT/ref=sr_1_46?dchild=1&keywords=hydraulic+pump&qid=1605693174&sr=8-46
Smartivity Pump It Move It Hydraulic Crane Stem Steam Educational DIY Building Construction Activity Smartivity Stemformers Rover Bot Stem Steam Educational DIY Building Construction Activity ToyGame,1442.00,4.3 out of 5 stars,452,https://www.amazon.in//Smartivity-Hydraulic-Educational-Construction-Stemformers/dp/B08KVF54BP/ref=sr_1_47?dchild=1&keywords=hydraulic+pump&qid=1605693174&sr=8-47
"JCB Tools Heavy Duty Lever Grease Gun with Aluminum Die cast head. Air Release valve on Head. Complete with Rigid Extention and Coupler, 22025930",₹805,4.1 out of 5 stars,66,https://www.amazon.in//JCB-Tools-Aluminum-Extention-22025930/dp/B073SB69WN/ref=sr_1_48?dchild=1&keywords=hydraulic+pump&qid=1605693174&sr=8-48
"Volo 18"" / 450mm Bed Shocker for Smooth Soft Closing Bed Box Lift Mechanism, Weight Capacity 50kg- Pack of 2 Pcs",₹850,3.2 out of 5 stars,20,https://www.amazon.in//Bed-Shocker-Closing-Mechanism-Capacity/dp/B07Z3FG1SB/ref=sr_1_1?dchild=1&keywords=hydraulic+pump&qid=1605693181&sr=8-1
VANDEC Hand Pump Mini Hydraulic 1/2L Oil Tank,"₹4,625",5.0 out of 5 stars,1,https://www.amazon.in//VANDEC-Hand-Pump-Mini-Hydraulic/dp/B01LYUTHLK/ref=sr_1_2?dchild=1&keywords=hydraulic+pump&qid=1605693181&sr=8-2
JTB Hydraulic Aftermarket JCB 3DX Hydraulic Pump Kirloskar Engine,"₹19,373",,,https://www.amazon.in//JTB-Hydraulic-Aftermarket-Kirloskar-Engine/dp/B081YYWX3X/ref=sr_1_3?dchild=1&keywords=hydraulic+pump&qid=1605693181&sr=8-3
"KKmoon Copper 2.5MPa 0-40KG Water Pressure Tester Manual Hydraulic Test Pump Machine with G1/2"" Hose","₹6,799",5.0 out of 5 stars,1,https://www.amazon.in//KKmoon-Copper-Pressure-Hydraulic-Machine/dp/B07Z4HQ9JV/ref=sr_1_4?dchild=1&keywords=hydraulic+pump&qid=1605693181&sr=8-4
JTB Hydraulic Aftermarket L&T 770 Double Stage Hydraulic Pump + MRV,"₹22,104",,,https://www.amazon.in//JTB-Hydraulic-Aftermarket-Double-Stage/dp/B087QFRWNQ/ref=sr_1_5?dchild=1&keywords=hydraulic+pump&qid=1605693181&sr=8-5
VOLTZ TY155HJS WRENCH 12V DC 3.0T (6600 lb) Electronic Hydraulic Car Jack and Tire Inflator Pump and LED Flashlight 3 in 1 Set with Impact Car Repair Tool Kit,"₹11,980",,,https://www.amazon.in//VOLTZ-TY155HJS-Electronic-Hydraulic-Flashlight/dp/B08K92PZM5/ref=sr_1_6?dchild=1&keywords=hydraulic+pump&qid=1605693181&sr=8-6
JTB Hydraulic Aftermarket JCB 3DX 2011 Hydraulic Pump JCB Engine + MRV 333/Y1636,"₹21,523",,,https://www.amazon.in//JTB-Hydraulic-Aftermarket-Engine-Y1636/dp/B087NPP1N6/ref=sr_1_7?dchild=1&keywords=hydraulic+pump&qid=1605693181&sr=8-7
JTB Hydraulic Aftermarket JCB 3D Hydraulic Pump MRV 20/925279,"₹20,137",,,https://www.amazon.in//JTB-Hydraulic-Aftermarket-Pump-925279/dp/B087NV1QVN/ref=sr_1_8?dchild=1&keywords=hydraulic+pump&qid=1605693181&sr=8-8
JTB Hydraulic Aftermarket GEAR CHARGING PUMP JCB 3DX 20/925552,"₹4,095",,,https://www.amazon.in//JTB-Hydraulic-Aftermarket-CHARGING-925552/dp/B087RFSX3C/ref=sr_1_9?dchild=1&keywords=hydraulic+pump&qid=1605693181&sr=8-9
"Inditradition 2-in-1 Soap Dispenser with Hydraulic Pump & Sponge Holder Caddy | 385ml, Sponge Included (Grey)",₹349,,,https://www.amazon.in//Inditradition-Dispenser-Hydraulic-Sponge-Included/dp/B08LNY8RGH/ref=sr_1_10?dchild=1&keywords=hydraulic+pump&qid=1605693181&sr=8-10
"Met Craft Steel 10 Inch Hydraulics Gas Spring Stay Strut Pneumatic Lift Support Cabinet Hinges for 25 KG Load (Silver, 25 KG) - Pack of 4 pcs",₹479,3.5 out of 5 stars,12,https://www.amazon.in//Met-Craft-Hydraulics-Pneumatic-Support/dp/B07S4H4RR9/ref=sr_1_11?dchild=1&keywords=hydraulic+pump&qid=1605693181&sr=8-11
"NexStar® Platinum Plus Steel Hydraulics Gas Spring Stay Strut Pneumatic Lift Support Cabinet Hinges (Silver, 50N/5Kg) - Pack of 2 pcs",₹265,4.2 out of 5 stars,20,https://www.amazon.in//NexStar%C2%AE-Platinum-Hydraulics-Pneumatic-Support/dp/B07YZL4PVT/ref=sr_1_12?dchild=1&keywords=hydraulic+pump&qid=1605693181&sr=8-12
"Smartivity Pump it Move it Hydraulic Crane STEM STEAM Educational DIY Building Construction Activity Toy Game Kit, Easy Instructions, Experiment, Play, Learn Science Engineering Project 8+",₹899,4.3 out of 5 stars,452,https://www.amazon.in//Smartivity-Hydraulic-Educational-Learning-Construction/dp/B01HVNB8IQ/ref=sr_1_13?dchild=1&keywords=hydraulic+pump&qid=1605693181&sr=8-13
"Nixnine Hydraulics Gas Spring Stay Strut Pneumatic Lift,Support Cabinet Hinges Lifter, 12 Inch Pack of 1 Pieces- 2, Silver, N-300 (Capacity 30 Kg)",₹399,3.7 out of 5 stars,21,https://www.amazon.in//Nixnine-Hydraulics-Pneumatic-Support-Capacity/dp/B07YC3JXKB/ref=sr_1_14?dchild=1&keywords=hydraulic+pump&qid=1605693181&sr=8-14
Shayonam 2-in-1 Soap Pump Plastic Dispenser for Dishwasher Liquid | Dispenser with Hydraulic Pump & Sponge Holder Caddy | Sponge Included (Random Colour ; Standard ; 385ml),₹296,5.0 out of 5 stars,2,https://www.amazon.in//Shayonam-Dispenser-Dishwasher-Hydraulic-Included/dp/B08MQM87L4/ref=sr_1_15?dchild=1&keywords=hydraulic+pump&qid=1605693181&sr=8-15
VOLTZ TY45HJ WRENCH 12V DC 5.0T (11000 lb) Electric Hydraulic Floor Jack and Tire Inflator Pump and LED Flashlight 3 in 1 Set with Impact Car Repair Tool Kit,"₹13,840",4.5 out of 5 stars,2,https://www.amazon.in//VOLTZ-Electric-Hydraulic-Inflator-Flashlight/dp/B07TH2BZZT/ref=sr_1_16?dchild=1&keywords=hydraulic+pump&qid=1605693181&sr=8-16
Gas Hydrolic Pump 25KG Pack of 5 Set,"₹1,000",,,https://www.amazon.in//Gas-Hydrolic-Pump-25KG-Pack/dp/B07ZVY8Y6B/ref=sr_1_17?dchild=1&keywords=hydraulic+pump&qid=1605693181&sr=8-17
"VOLO 250 N Hydraulics Gas Spring Stay STRUT Pneumatic Lift Support Cabinet Hinges Support, Capacity 25 KGS (Pack of 2 PCS),Material:Iron, Color:Silver",₹350,3.9 out of 5 stars,16,https://www.amazon.in//VOLO-Hydraulics-Pneumatic-Capacity-Material/dp/B0827ZVMGV/ref=sr_1_18?dchild=1&keywords=hydraulic+pump&qid=1605693181&sr=8-18
"JTB Hydraulic Aftermarket HYDRAULIC PUMP DRIVE SHAFT TATA HITACHI, JCB, DOOSAN, KAWASAKI 20 TONNE 1730639","₹1,748",,,https://www.amazon.in//JTB-Hydraulic-Aftermarket-HYDRAULIC-KAWASAKI/dp/B0881R8KX2/ref=sr_1_19?dchild=1&keywords=hydraulic+pump&qid=1605693181&sr=8-19
MANUAL/HAND HYDRAULIC TESTING PUMP 70 KG/CM2 (1000 PSI),"₹12,299",,,https://www.amazon.in//MANUAL-HAND-HYDRAULIC-TESTING-PUMP/dp/B07QH5C3QB/ref=sr_1_20?dchild=1&keywords=hydraulic+pump&qid=1605693181&sr=8-20
"GIOR FITTINGS Steel Hydraulics Gas Spring Stay Strut Pneumatic Lift Support Cabinet Hinges (Silver, 50 N) - Pack of 2 pcs",₹280,3.6 out of 5 stars,67,https://www.amazon.in//GIOR-FITTINGS-HYDRAULICS-PNEUMATIC-SUPPORT/dp/B0749KBLC2/ref=sr_1_21?dchild=1&keywords=hydraulic+pump&qid=1605693181&sr=8-21
"RAB Gas Pumps, Gas Struts, Gas Shocks Lift Support for Cabinet (9"", Set of 1, Capacity: 35 Kg)",₹214,,,https://www.amazon.in//RAB-Struts-Support-Cabinet-Capacity/dp/B08KTHKJXG/ref=sr_1_22?dchild=1&keywords=hydraulic+pump&qid=1605693181&sr=8-22
NEWTRY CP-180 Manual Hydraulic Hand Pump Single Speed 853psi for Separate Type Hydraulic Tool,"₹27,880",5.0 out of 5 stars,1,https://www.amazon.in//NEWTRY-CP-180-Manual-Hydraulic-Separate/dp/B06XG4HBNT/ref=sr_1_23?dchild=1&keywords=hydraulic+pump&qid=1605693181&sr=8-23
AutoStark Car Accessories Combo Air Compressor + 2 Ton Hydraulic Bottle + Puncture Repair Kit + Microfibre Cloth for Maruti Suzuki Swift Dzire,"₹1,990",3.4 out of 5 stars,12,https://www.amazon.in//AutoStark-Accessories-Compressor-Hydraulic-Microfibre/dp/B01LWCWDHE/ref=sr_1_24?dchild=1&keywords=hydraulic+pump&qid=1605693181&sr=8-24
"BESTOOL Air Hydraulic Pump - 10,000 PSI Hydraulic Pressure 1/2 Gal Reservoir Foot Pump Air Treadle Foot Actuated Hydraulic Pump (Single Acting)","₹38,184",4.4 out of 5 stars,24,https://www.amazon.in//BESTOOL-Air-Hydraulic-Pump-Reservoir/dp/B07VPNHL72/ref=sr_1_25?dchild=1&keywords=hydraulic+pump&qid=1605693181&sr=8-25
VOLTZ tools 30T 2Inch Stroke Hydraulic Cylinder Jack Solid With Hand pump Single Acting Hydraulic Ram Cylinder 50mm Hydraulic Lifting Cylinders (30T 2Inch),"₹22,990",,,https://www.amazon.in//VOLTZ-Hydraulic-Cylinder-Lifting-Cylinders/dp/B08FJDN6LG/ref=sr_1_26?dchild=1&keywords=hydraulic+pump&qid=1605693181&sr=8-26
ATCO Heavy Quality Gas Spring/Hydraulic Pump 12 inch (10),₹600,,,https://www.amazon.in//ATCO-Heavy-Quality-Spring-Hydraulic/dp/B08CRD377S/ref=sr_1_27?dchild=1&keywords=hydraulic+pump&qid=1605693181&sr=8-27
Hand Pump-DOWTY WP-200 BAR. Discharge 13 CC/Double Stroke,"₹6,950",,,https://www.amazon.in//Pump-DOWTY-WP-200-Discharge-Double-Stroke/dp/B074ZN1YM2/ref=sr_1_28?dchild=1&keywords=hydraulic+pump&qid=1605693181&sr=8-28
"Smartivity Pump it Move it Hydraulic Crane STEM STEAM Educational DIY Building Construction Activity & Bullseye Bow STEM STEAM Educational DIY Building Construction Activity Toy Game Kit, Easy",1707.00,4.3 out of 5 stars,452,https://www.amazon.in//Smartivity-Hydraulic-Educational-Building-Construction/dp/B08L4RV9FT/ref=sr_1_29?dchild=1&keywords=hydraulic+pump&qid=1605693181&sr=8-29
Gas Hydrolic Pump 35 KG Pack of 5 Set,"₹1,000",,,https://www.amazon.in//Gas-Hydrolic-Pump-Pack-Set/dp/B07ZVYMPDB/ref=sr_1_30?dchild=1&keywords=hydraulic+pump&qid=1605693181&sr=8-30
JTB Hydraulic Aftermarket JCB LOADER SIDE AUXILLARY RELIEF VALVE 4500 PSI,"₹1,600",,,https://www.amazon.in//JTB-Hydraulic-Aftermarket-LOADER-AUXILLARY/dp/B087QL87K8/ref=sr_1_31?dchild=1&keywords=hydraulic+pump&qid=1605693181&sr=8-31
Pneumatic Gas Pump Double Bed Lifter Fitting Hydraulic Jack Pro Lift Mechanism Tool Spring Shocker Frame with Pneumatic Pump – Set of 2 Frame (5 FT X 5MM) & 2 Hydraulic Gas Pump (200 KG),"₹3,499",4.0 out of 5 stars,1,https://www.amazon.in//Pneumatic-Fitting-Hydraulic-Mechanism-Shocker/dp/B08JSTKQ8S/ref=sr_1_32?dchild=1&keywords=hydraulic+pump&qid=1605693181&sr=8-32
VOLTZ Hydraulic Cylinder Jack 10T Ultra-thin Hydraulic Lifting Cylinder Ram Stroke 10mm for Bridges/Building/Machinery Industries with Hand Pump,"₹12,990",,,https://www.amazon.in//VOLTZ-Hydraulic-Ultra-thin-Machinery-Industries/dp/B08FGWCMCZ/ref=sr_1_33?dchild=1&keywords=hydraulic+pump&qid=1605693181&sr=8-33
STARVIN® Super Premium Heavy Car Hydraulic Jack for All Cars (Universal) (Blue & Red) G-41,₹999,,,https://www.amazon.in//STARVIN%C2%AE-Super-Premium-Hydraulic-Universal/dp/B07255SQFL/ref=sr_1_34?dchild=1&keywords=hydraulic+pump&qid=1605693181&sr=8-34
"VOLO 200 N Hydraulics Gas Spring Stay STRUT Pneumatic Lift Support Cabinet Hinges Support, Capacity 20 KGS (Pack of 2 PCS) Size 10 INCHES,Material:Iron, Color:Silver",₹330,3.3 out of 5 stars,45,https://www.amazon.in//Volo-Hydraulics-Pneumatic-Capacity-20/dp/B07N1434LJ/ref=sr_1_35?dchild=1&keywords=hydraulic+pump&qid=1605693181&sr=8-35
"JCB High Pressure Bucket Grease Pump with 8 kg Grease Bucket, 22026012","₹3,811",4.2 out of 5 stars,62,https://www.amazon.in//JCB-Pressure-Bucket-Grease-22026012/dp/B073SCKJ5M/ref=sr_1_36?dchild=1&keywords=hydraulic+pump&qid=1605693181&sr=8-36
Polyhydron Hand Pump Hydraulic Double Acting with DC Valve,"₹9,280",,,https://www.amazon.in//HYDRAULIC-DOUBLE-ACTING-VALVE-HP-12D/dp/B075NKLRHR/ref=sr_1_37?dchild=1&keywords=hydraulic+pump&qid=1605693181&sr=8-37
XCLUMA 5V 10W DC MICRO HYDRO GENERATOR TAP WATER FLOW HYDRAULIC DIY HIGH POWER FLOW GENERATOR MOTOR,₹630,3.2 out of 5 stars,16,https://www.amazon.in//xcluma-Micro-Hydro-Generator-Hydraulic/dp/B074QVGC9Q/ref=sr_1_38?dchild=1&keywords=hydraulic+pump&qid=1605693181&sr=8-38
VANDEC Hydraulic Jack Long Ram Stroke 450 mm,"₹7,404",5.0 out of 5 stars,2,https://www.amazon.in//VANDEC-Hydraulic-Jack-Long-Stroke/dp/B01M1FLCHG/ref=sr_1_39?dchild=1&keywords=hydraulic+pump&qid=1605693181&sr=8-39
Pneumatic Gas Pump Double Bed Lifter Fitting Hydraulic Jack Pro Lift Mechanism Tool Spring Shocker Frame with Pneumatic Pump – Set of 2 Frame (5 FT X 5MM) & 2 Hydraulic Gas Pump (150 KG),"₹3,299",5.0 out of 5 stars,1,https://www.amazon.in//Pneumatic-Fitting-Hydraulic-Mechanism-Shocker/dp/B08JSVVTVJ/ref=sr_1_40?dchild=1&keywords=hydraulic+pump&qid=1605693181&sr=8-40
OZAR Bucket Grease Pump 6 KG with Steel Follower Plate,"₹2,979",4.5 out of 5 stars,7,https://www.amazon.in//OZAR-APG-7079-Bucket-Grease/dp/B07T1PXBNS/ref=sr_1_41?dchild=1&keywords=hydraulic+pump&qid=1605693181&sr=8-41
UG LAND INDIA DC Pumping Motor Water Priming Pump Spray DC 12V Mini Water Pump High Flow,₹490,4.3 out of 5 stars,10,https://www.amazon.in//UG-LAND-INDIA-Pumping-Priming/dp/B07VF8ZC11/ref=sr_1_42?dchild=1&keywords=hydraulic+pump&qid=1605693181&sr=8-42
VOLTZ tools Hydraulic Cylinder Jack 100T Ultra-thin Hydraulic Lifting Cylinder Ram Stroke 18mm for Bridges/Building/Machinery Industries with Hand Pump,"₹34,990",,,https://www.amazon.in//VOLTZ-Hydraulic-Ultra-thin-Machinery-Industries/dp/B08FJC67FG/ref=sr_1_43?dchild=1&keywords=hydraulic+pump&qid=1605693181&sr=8-43
Bellveen Portable Double Barrel Floor Pump for Car Motorcycle Bike Tires Foot Air Pump Inflator with Pressure Gauge - Black Colour,"₹1,415",4.0 out of 5 stars,97,https://www.amazon.in//Bellveen-Portable-Motorcycle-Inflator-Pressure/dp/B07FNLZS84/ref=sr_1_44?dchild=1&keywords=hydraulic+pump&qid=1605693181&sr=8-44
JAINSON BHOOMI 400 WITH HAND PUMP Hand Operated Hydraulic Crimping Tool,"₹25,925",,,https://www.amazon.in//BHOOMI-400-HAND-PUMP-Hydraulic/dp/B08698LJKN/ref=sr_1_45?dchild=1&keywords=hydraulic+pump&qid=1605693181&sr=8-45
"AliJa® Steel Hydraulics Gas Spring Stay Strut Pneumatic Lift Support Cabinet Hinges 10Kg Load Capacity (Silver, 100 N) - Pair of 2pcs",₹349,4.6 out of 5 stars,3,https://www.amazon.in//Hydraulics-Pneumatic-Support-Cabinet-Capacity/dp/9849790237/ref=sr_1_47?dchild=1&keywords=hydraulic+pump&qid=1605693181&sr=8-47
Smartivity Pump It Move It Hydraulic Crane Stem Steam Educational DIY Building Construction Activity Smartivity Stemformers Rover Bot Stem Steam Educational DIY Building Construction Activity ToyGame,1442.00,4.3 out of 5 stars,452,https://www.amazon.in//Smartivity-Hydraulic-Educational-Construction-Stemformers/dp/B08KVF54BP/ref=sr_1_48?dchild=1&keywords=hydraulic+pump&qid=1605693181&sr=8-48
"Volo 18"" / 450mm Bed Shocker for Smooth Soft Closing Bed Box Lift Mechanism, Weight Capacity 50kg- Pack of 2 Pcs",₹850,3.2 out of 5 stars,20,https://www.amazon.in//Bed-Shocker-Closing-Mechanism-Capacity/dp/B07Z3FG1SB/ref=sr_1_1?dchild=1&keywords=hydraulic+pump&qid=1605693188&sr=8-1
VANDEC Hand Pump Mini Hydraulic 1/2L Oil Tank,"₹4,625",5.0 out of 5 stars,1,https://www.amazon.in//VANDEC-Hand-Pump-Mini-Hydraulic/dp/B01LYUTHLK/ref=sr_1_2?dchild=1&keywords=hydraulic+pump&qid=1605693188&sr=8-2
JTB Hydraulic Aftermarket JCB 3DX Hydraulic Pump Kirloskar Engine,"₹19,373",,,https://www.amazon.in//JTB-Hydraulic-Aftermarket-Kirloskar-Engine/dp/B081YYWX3X/ref=sr_1_3?dchild=1&keywords=hydraulic+pump&qid=1605693188&sr=8-3
"KKmoon Copper 2.5MPa 0-40KG Water Pressure Tester Manual Hydraulic Test Pump Machine with G1/2"" Hose","₹6,799",5.0 out of 5 stars,1,https://www.amazon.in//KKmoon-Copper-Pressure-Hydraulic-Machine/dp/B07Z4HQ9JV/ref=sr_1_4?dchild=1&keywords=hydraulic+pump&qid=1605693188&sr=8-4
JTB Hydraulic Aftermarket L&T 770 Double Stage Hydraulic Pump + MRV,"₹22,104",,,https://www.amazon.in//JTB-Hydraulic-Aftermarket-Double-Stage/dp/B087QFRWNQ/ref=sr_1_5?dchild=1&keywords=hydraulic+pump&qid=1605693188&sr=8-5
JTB Hydraulic Aftermarket JCB 3DX 2011 Hydraulic Pump JCB Engine + MRV 333/Y1636,"₹21,523",,,https://www.amazon.in//JTB-Hydraulic-Aftermarket-Engine-Y1636/dp/B087NPP1N6/ref=sr_1_6?dchild=1&keywords=hydraulic+pump&qid=1605693188&sr=8-6
VOLTZ TY155HJS WRENCH 12V DC 3.0T (6600 lb) Electronic Hydraulic Car Jack and Tire Inflator Pump and LED Flashlight 3 in 1 Set with Impact Car Repair Tool Kit,"₹11,980",,,https://www.amazon.in//VOLTZ-TY155HJS-Electronic-Hydraulic-Flashlight/dp/B08K92PZM5/ref=sr_1_7?dchild=1&keywords=hydraulic+pump&qid=1605693188&sr=8-7
JTB Hydraulic Aftermarket JCB 3D Hydraulic Pump MRV 20/925279,"₹20,137",,,https://www.amazon.in//JTB-Hydraulic-Aftermarket-Pump-925279/dp/B087NV1QVN/ref=sr_1_8?dchild=1&keywords=hydraulic+pump&qid=1605693188&sr=8-8
JTB Hydraulic Aftermarket GEAR CHARGING PUMP JCB 3DX 20/925552,"₹4,095",,,https://www.amazon.in//JTB-Hydraulic-Aftermarket-CHARGING-925552/dp/B087RFSX3C/ref=sr_1_9?dchild=1&keywords=hydraulic+pump&qid=1605693188&sr=8-9
"Tooarts Aluminum 2.5MPa 25KG Water Pressure Tester Manual Hydraulic Test Pump Machine with G1/2"" Hose","₹7,429",,,https://www.amazon.in//Tooarts-Aluminum-Pressure-Hydraulic-Machine/dp/B08NCM5SSM/ref=sr_1_10?dchild=1&keywords=hydraulic+pump&qid=1605693188&sr=8-10
"JTB Hydraulic Aftermarket HYDRAULIC PUMP DRIVE SHAFT TATA HITACHI, JCB, DOOSAN, KAWASAKI 20 TONNE 1730639","₹1,748",,,https://www.amazon.in//JTB-Hydraulic-Aftermarket-HYDRAULIC-KAWASAKI/dp/B0881R8KX2/ref=sr_1_11?dchild=1&keywords=hydraulic+pump&qid=1605693188&sr=8-11
"Met Craft Steel 10 Inch Hydraulics Gas Spring Stay Strut Pneumatic Lift Support Cabinet Hinges for 25 KG Load (Silver, 25 KG) - Pack of 4 pcs",₹479,3.5 out of 5 stars,12,https://www.amazon.in//Met-Craft-Hydraulics-Pneumatic-Support/dp/B07S4H4RR9/ref=sr_1_12?dchild=1&keywords=hydraulic+pump&qid=1605693188&sr=8-12
"Inditradition 2-in-1 Soap Dispenser with Hydraulic Pump & Sponge Holder Caddy | 385ml, Sponge Included (Grey)",₹349,,,https://www.amazon.in//Inditradition-Dispenser-Hydraulic-Sponge-Included/dp/B08LNY8RGH/ref=sr_1_13?dchild=1&keywords=hydraulic+pump&qid=1605693188&sr=8-13
"Nixnine Hydraulics Gas Spring Stay Strut Pneumatic Lift,Support Cabinet Hinges Lifter, 12 Inch Pack of 1 Pieces- 2, Silver, N-300 (Capacity 30 Kg)",₹399,3.7 out of 5 stars,21,https://www.amazon.in//Nixnine-Hydraulics-Pneumatic-Support-Capacity/dp/B07YC3JXKB/ref=sr_1_14?dchild=1&keywords=hydraulic+pump&qid=1605693188&sr=8-14
"NexStar® Platinum Plus Steel Hydraulics Gas Spring Stay Strut Pneumatic Lift Support Cabinet Hinges (Silver, 50N/5Kg) - Pack of 2 pcs",₹265,4.2 out of 5 stars,20,https://www.amazon.in//NexStar%C2%AE-Platinum-Hydraulics-Pneumatic-Support/dp/B07YZL4PVT/ref=sr_1_15?dchild=1&keywords=hydraulic+pump&qid=1605693188&sr=8-15
Gas Hydrolic Pump 25KG Pack of 5 Set,"₹1,000",,,https://www.amazon.in//Gas-Hydrolic-Pump-25KG-Pack/dp/B07ZVY8Y6B/ref=sr_1_16?dchild=1&keywords=hydraulic+pump&qid=1605693188&sr=8-16
"GIOR FITTINGS Steel Hydraulics Gas Spring Stay Strut Pneumatic Lift Support Cabinet Hinges (Silver, 50 N) - Pack of 2 pcs",₹280,3.6 out of 5 stars,67,https://www.amazon.in//GIOR-FITTINGS-HYDRAULICS-PNEUMATIC-SUPPORT/dp/B0749KBLC2/ref=sr_1_17?dchild=1&keywords=hydraulic+pump&qid=1605693188&sr=8-17
Shayonam 2-in-1 Soap Pump Plastic Dispenser for Dishwasher Liquid | Dispenser with Hydraulic Pump & Sponge Holder Caddy | Sponge Included (Random Colour ; Standard ; 385ml),₹296,5.0 out of 5 stars,2,https://www.amazon.in//Shayonam-Dispenser-Dishwasher-Hydraulic-Included/dp/B08MQM87L4/ref=sr_1_18?dchild=1&keywords=hydraulic+pump&qid=1605693188&sr=8-18
VOLTZ TY45HJ WRENCH 12V DC 5.0T (11000 lb) Electric Hydraulic Floor Jack and Tire Inflator Pump and LED Flashlight 3 in 1 Set with Impact Car Repair Tool Kit,"₹13,840",4.5 out of 5 stars,2,https://www.amazon.in//VOLTZ-Electric-Hydraulic-Inflator-Flashlight/dp/B07TH2BZZT/ref=sr_1_19?dchild=1&keywords=hydraulic+pump&qid=1605693188&sr=8-19
Smartivity Pump It Move It Hydraulic Crane Stem Steam Educational DIY Building Construction Activity Smartivity Stemformers Rover Bot Stem Steam Educational DIY Building Construction Activity ToyGame,1442.00,4.3 out of 5 stars,452,https://www.amazon.in//Smartivity-Hydraulic-Educational-Construction-Stemformers/dp/B08KVF54BP/ref=sr_1_20?dchild=1&keywords=hydraulic+pump&qid=1605693188&sr=8-20
NEWTRY CP-180 Manual Hydraulic Hand Pump Single Speed 853psi for Separate Type Hydraulic Tool,"₹27,880",5.0 out of 5 stars,1,https://www.amazon.in//NEWTRY-CP-180-Manual-Hydraulic-Separate/dp/B06XG4HBNT/ref=sr_1_21?dchild=1&keywords=hydraulic+pump&qid=1605693188&sr=8-21
VOLTZ tools 30T 2Inch Stroke Hydraulic Cylinder Jack Solid With Hand pump Single Acting Hydraulic Ram Cylinder 50mm Hydraulic Lifting Cylinders (30T 2Inch),"₹22,990",,,https://www.amazon.in//VOLTZ-Hydraulic-Cylinder-Lifting-Cylinders/dp/B08FJDN6LG/ref=sr_1_22?dchild=1&keywords=hydraulic+pump&qid=1605693188&sr=8-22
"VOLO 250 N Hydraulics Gas Spring Stay STRUT Pneumatic Lift Support Cabinet Hinges Support, Capacity 25 KGS (Pack of 2 PCS),Material:Iron, Color:Silver",₹350,3.9 out of 5 stars,16,https://www.amazon.in//VOLO-Hydraulics-Pneumatic-Capacity-Material/dp/B0827ZVMGV/ref=sr_1_23?dchild=1&keywords=hydraulic+pump&qid=1605693188&sr=8-23
"BESTOOL Air Hydraulic Pump - 10,000 PSI Hydraulic Pressure 1/2 Gal Reservoir Foot Pump Air Treadle Foot Actuated Hydraulic Pump (Single Acting)","₹38,184",4.4 out of 5 stars,24,https://www.amazon.in//BESTOOL-Air-Hydraulic-Pump-Reservoir/dp/B07VPNHL72/ref=sr_1_24?dchild=1&keywords=hydraulic+pump&qid=1605693188&sr=8-24
Gas Hydrolic Pump 35 KG Pack of 5 Set,"₹1,000",,,https://www.amazon.in//Gas-Hydrolic-Pump-Pack-Set/dp/B07ZVYMPDB/ref=sr_1_25?dchild=1&keywords=hydraulic+pump&qid=1605693188&sr=8-25
Hand Pump-DOWTY WP-200 BAR. Discharge 13 CC/Double Stroke,"₹6,950",,,https://www.amazon.in//Pump-DOWTY-WP-200-Discharge-Double-Stroke/dp/B074ZN1YM2/ref=sr_1_26?dchild=1&keywords=hydraulic+pump&qid=1605693188&sr=8-26
"Smartivity Pump it Move it Hydraulic Crane STEM STEAM Educational DIY Building Construction Activity Toy Game Kit, Easy Instructions, Experiment, Play, Learn Science Engineering Project 8+",₹899,4.3 out of 5 stars,452,https://www.amazon.in//Smartivity-Hydraulic-Educational-Learning-Construction/dp/B01HVNB8IQ/ref=sr_1_27?dchild=1&keywords=hydraulic+pump&qid=1605693188&sr=8-27
"RAB Gas Pumps, Gas Struts, Gas Shocks Lift Support for Cabinet (9"", Set of 1, Capacity: 35 Kg)",₹214,,,https://www.amazon.in//RAB-Struts-Support-Cabinet-Capacity/dp/B08KTHKJXG/ref=sr_1_28?dchild=1&keywords=hydraulic+pump&qid=1605693188&sr=8-28
JTB Hydraulic Aftermarket JCB LOADER SIDE AUXILLARY RELIEF VALVE 4500 PSI,"₹1,600",,,https://www.amazon.in//JTB-Hydraulic-Aftermarket-LOADER-AUXILLARY/dp/B087QL87K8/ref=sr_1_29?dchild=1&keywords=hydraulic+pump&qid=1605693188&sr=8-29
"VOLO 200 N Hydraulics Gas Spring Stay STRUT Pneumatic Lift Support Cabinet Hinges Support, Capacity 20 KGS (Pack of 2 PCS) Size 10 INCHES,Material:Iron, Color:Silver",₹330,3.3 out of 5 stars,45,https://www.amazon.in//Volo-Hydraulics-Pneumatic-Capacity-20/dp/B07N1434LJ/ref=sr_1_30?dchild=1&keywords=hydraulic+pump&qid=1605693188&sr=8-30
VOLTZ Hydraulic Cylinder Jack 10T Ultra-thin Hydraulic Lifting Cylinder Ram Stroke 10mm for Bridges/Building/Machinery Industries with Hand Pump,"₹12,990",,,https://www.amazon.in//VOLTZ-Hydraulic-Ultra-thin-Machinery-Industries/dp/B08FGWCMCZ/ref=sr_1_31?dchild=1&keywords=hydraulic+pump&qid=1605693188&sr=8-31
AutoStark Car Accessories Combo Air Compressor + 2 Ton Hydraulic Bottle + Puncture Repair Kit + Microfibre Cloth for Maruti Suzuki Swift Dzire,"₹1,990",3.4 out of 5 stars,12,https://www.amazon.in//AutoStark-Accessories-Compressor-Hydraulic-Microfibre/dp/B01LWCWDHE/ref=sr_1_32?dchild=1&keywords=hydraulic+pump&qid=1605693188&sr=8-32
ATCO Heavy Quality Gas Spring/Hydraulic Pump 12 inch (10),₹600,,,https://www.amazon.in//ATCO-Heavy-Quality-Spring-Hydraulic/dp/B08CRD377S/ref=sr_1_33?dchild=1&keywords=hydraulic+pump&qid=1605693188&sr=8-33
"JCB High Pressure Bucket Grease Pump with 8 kg Grease Bucket, 22026012","₹3,811",4.2 out of 5 stars,62,https://www.amazon.in//JCB-Pressure-Bucket-Grease-22026012/dp/B073SCKJ5M/ref=sr_1_34?dchild=1&keywords=hydraulic+pump&qid=1605693188&sr=8-34
VANDEC Hydraulic Jack Long Ram Stroke 450 mm,"₹7,404",5.0 out of 5 stars,2,https://www.amazon.in//VANDEC-Hydraulic-Jack-Long-Stroke/dp/B01M1FLCHG/ref=sr_1_35?dchild=1&keywords=hydraulic+pump&qid=1605693188&sr=8-35
XCLUMA 5V 10W DC MICRO HYDRO GENERATOR TAP WATER FLOW HYDRAULIC DIY HIGH POWER FLOW GENERATOR MOTOR,₹630,3.2 out of 5 stars,16,https://www.amazon.in//xcluma-Micro-Hydro-Generator-Hydraulic/dp/B074QVGC9Q/ref=sr_1_36?dchild=1&keywords=hydraulic+pump&qid=1605693188&sr=8-36
MANUAL/HAND HYDRAULIC TESTING PUMP 70 KG/CM2 (1000 PSI),"₹12,299",,,https://www.amazon.in//MANUAL-HAND-HYDRAULIC-TESTING-PUMP/dp/B07QH5C3QB/ref=sr_1_37?dchild=1&keywords=hydraulic+pump&qid=1605693188&sr=8-37
Pneumatic Gas Pump Double Bed Lifter Fitting Hydraulic Jack Pro Lift Mechanism Tool Spring Shocker Frame with Pneumatic Pump – Set of 2 Frame (5 FT X 5MM) & 2 Hydraulic Gas Pump (200 KG),"₹3,499",4.0 out of 5 stars,1,https://www.amazon.in//Pneumatic-Fitting-Hydraulic-Mechanism-Shocker/dp/B08JSTKQ8S/ref=sr_1_38?dchild=1&keywords=hydraulic+pump&qid=1605693188&sr=8-38
OZAR Bucket Grease Pump 6 KG with Steel Follower Plate,"₹2,979",4.5 out of 5 stars,7,https://www.amazon.in//OZAR-APG-7079-Bucket-Grease/dp/B07T1PXBNS/ref=sr_1_39?dchild=1&keywords=hydraulic+pump&qid=1605693188&sr=8-39
STARVIN® Super Premium Heavy Car Hydraulic Jack for All Cars (Universal) (Blue & Red) G-41,₹999,,,https://www.amazon.in//STARVIN%C2%AE-Super-Premium-Hydraulic-Universal/dp/B07255SQFL/ref=sr_1_40?dchild=1&keywords=hydraulic+pump&qid=1605693188&sr=8-40
VOLTZ tools Hydraulic Cylinder Jack 100T Ultra-thin Hydraulic Lifting Cylinder Ram Stroke 18mm for Bridges/Building/Machinery Industries with Hand Pump,"₹34,990",,,https://www.amazon.in//VOLTZ-Hydraulic-Ultra-thin-Machinery-Industries/dp/B08FJC67FG/ref=sr_1_41?dchild=1&keywords=hydraulic+pump&qid=1605693188&sr=8-41
"VOLO 100 N Hydraulics Gas Spring Stay STRUT Pneumatic Lift Support Cabinet Hinges Support, Capacity 10 KGS (Pack of 2 PCS) Size 10 INCHES,Material:Iron, Color:Silver",₹299,4.0 out of 5 stars,38,https://www.amazon.in//Volo-Hydraulics-Pneumatic-Capacity-10/dp/B07N14FTTP/ref=sr_1_42?dchild=1&keywords=hydraulic+pump&qid=1605693188&sr=8-42
Smartivity Pump it Move it Hydraulic Crane STEM STEAM Educational DIY Building Construction Activity & STEMWheels Modz Storm Chaser STEM STEAM Educational DIY Building Construction Activity to,1468.00,4.3 out of 5 stars,452,https://www.amazon.in//Smartivity-Hydraulic-Educational-Construction-STEMWheels/dp/B08L4RGL7V/ref=sr_1_43?dchild=1&keywords=hydraulic+pump&qid=1605693188&sr=8-43
JAINSON BHOOMI 400 WITH HAND PUMP Hand Operated Hydraulic Crimping Tool,"₹25,925",,,https://www.amazon.in//BHOOMI-400-HAND-PUMP-Hydraulic/dp/B08698LJKN/ref=sr_1_44?dchild=1&keywords=hydraulic+pump&qid=1605693188&sr=8-44
Polyhydron Hand Pump Hydraulic Double Acting with DC Valve,"₹9,280",,,https://www.amazon.in//HYDRAULIC-DOUBLE-ACTING-VALVE-HP-12D/dp/B075NKLRHR/ref=sr_1_45?dchild=1&keywords=hydraulic+pump&qid=1605693188&sr=8-45
Pneumatic Gas Pump Double Bed Lifter Fitting Hydraulic Jack Pro Lift Mechanism Tool Spring Shocker Frame with Pneumatic Pump – Set of 2 Frame (5 FT X 5MM) & 2 Hydraulic Gas Pump (150 KG),"₹3,299",5.0 out of 5 stars,1,https://www.amazon.in//Pneumatic-Fitting-Hydraulic-Mechanism-Shocker/dp/B08JSVVTVJ/ref=sr_1_47?dchild=1&keywords=hydraulic+pump&qid=1605693188&sr=8-47
Bellveen Portable Double Barrel Floor Pump for Car Motorcycle Bike Tires Foot Air Pump Inflator with Pressure Gauge - Black Colour,"₹1,415",4.0 out of 5 stars,97,https://www.amazon.in//Bellveen-Portable-Motorcycle-Inflator-Pressure/dp/B07FNLZS84/ref=sr_1_48?dchild=1&keywords=hydraulic+pump&qid=1605693188&sr=8-48
